{"name":"Ale#4","length":12,"height":1,"width":12,"finished":true,"startTile":{"x":23,"y":1,"z":0},"cells":{"1,23,0":{"isTile":true,"tile":{"changeFloorTo":0,"halfTile":0,"curve":[0,0,0,0],"halfWallIn":[0,0,0,0],"halfWallVic":[]},"isLinear":true,"virtualWall":false,"reachable":true,"explored":false},"1,24,0":{"isWall":true,"halfWall":0,"isLinear":true,"virtualWall":false,"reachable":false,"explored":false},"3,24,0":{"isWall":true,"halfWall":0,"isLinear":true,"virtualWall":false,"reachable":false,"explored":false},"5,24,0":{"isWall":true,"halfWall":0,"isLinear":true,"virtualWall":false,"reachable":false,"explored":false},"7,24,0":{"isWall":true,"halfWall":0,"isLinear":true,"virtualWall":false,"reachable":false,"explored":false},"9,24,0":{"isWall":true,"halfWall":0,"isLinear":true,"virtualWall":false,"reachable":false,"explored":false},"11,24,0":{"isWall":true,"halfWall":0,"isLinear":true,"virtualWall":false,"reachable":false,"explored":false},"12,23,0":{"isWall":true,"halfWall":0,"isLinear":true,"virtualWall":false,"reachable":false,"explored":false},"12,21,0":{"isWall":true,"halfWall":0,"isLinear":true,"virtualWall":false,"reachable":false,"explored":false},"12,19,0":{"isWall":true,"halfWall":0,"isLinear":true,"virtualWall":false,"reachable":false,"explored":false},"13,18,0":{"isWall":true,"halfWall":0,"isLinear":true,"virtualWall":false,"reachable":false,"explored":false},"15,18,0":{"isWall":true,"halfWall":0,"isLinear":true,"virtualWall":false,"reachable":false,"explored":false},"16,19,0":{"isWall":true,"halfWall":0,"isLinear":true,"virtualWall":false,"reachable":false,"explored":false},"16,21,0":{"isWall":true,"halfWall":0,"isLinear":true,"virtualWall":false,"reachable":false,"explored":false},"16,23,0":{"isWall":true,"halfWall":0,"isLinear":true,"virtualWall":false,"reachable":false,"explored":false},"17,24,0":{"isWall":true,"halfWall":0,"isLinear":true,"virtualWall":false,"reachable":false,"explored":false},"19,24,0":{"isWall":true,"halfWall":0,"isLinear":true,"virtualWall":false,"reachable":false,"explored":false},"21,24,0":{"isWall":true,"halfWall":0,"isLinear":true,"virtualWall":false,"reachable":false,"explored":false},"22,23,0":{"isWall":true,"halfWall":0,"isLinear":true,"virtualWall":false,"reachable":false,"explored":false},"23,22,0":{"isWall":true,"halfWall":0,"isLinear":true,"virtualWall":false,"reachable":false,"explored":false},"24,21,0":{"isWall":true,"halfWall":0,"isLinear":true,"virtualWall":false,"reachable":false,"explored":false},"23,20,0":{"isWall":true,"halfWall":0,"isLinear":true,"virtualWall":false,"reachable":false,"explored":false},"22,19,0":{"isWall":true,"halfWall":0,"isLinear":true,"virtualWall":false,"reachable":false,"explored":false},"23,18,0":{"isWall":true,"halfWall":0,"isLinear":true,"virtualWall":false,"reachable":false,"explored":false},"24,17,0":{"isWall":true,"halfWall":0,"isLinear":true,"virtualWall":false,"reachable":false,"explored":false},"24,15,0":{"isWall":true,"halfWall":0,"isLinear":true,"virtualWall":false,"reachable":false,"explored":false},"24,13,0":{"isWall":true,"halfWall":0,"isLinear":true,"virtualWall":false,"reachable":false,"explored":false},"24,11,0":{"isWall":true,"halfWall":0,"isLinear":true,"virtualWall":false,"reachable":false,"explored":false},"23,10,0":{"isWall":true,"halfWall":0,"isLinear":true,"virtualWall":false,"reachable":false,"explored":false},"21,10,0":{"isWall":true,"halfWall":0,"isLinear":true,"virtualWall":false,"reachable":false,"explored":false},"20,9,0":{"isWall":true,"halfWall":0,"isLinear":true,"virtualWall":false,"reachable":false,"explored":false},"20,7,0":{"isWall":true,"halfWall":0,"isLinear":true,"virtualWall":false,"reachable":false,"explored":false},"21,6,0":{"isWall":true,"halfWall":0,"isLinear":true,"virtualWall":false,"reachable":false,"explored":false},"23,6,0":{"isWall":true,"halfWall":0,"isLinear":true,"virtualWall":false,"reachable":false,"explored":false},"24,5,0":{"isWall":true,"halfWall":0,"isLinear":true,"virtualWall":false,"reachable":false,"explored":false},"24,3,0":{"isWall":true,"halfWall":0,"isLinear":true,"virtualWall":false,"reachable":false,"explored":false},"24,1,0":{"isWall":true,"halfWall":0,"isLinear":true,"virtualWall":true,"reachable":false,"explored":false},"23,0,0":{"isWall":true,"halfWall":0,"isLinear":true,"virtualWall":true,"reachable":false,"explored":false},"21,0,0":{"isWall":true,"halfWall":0,"isLinear":true,"virtualWall":false,"reachable":false,"explored":false},"19,0,0":{"isWall":true,"halfWall":0,"isLinear":true,"virtualWall":false,"reachable":false,"explored":false},"17,0,0":{"isWall":true,"halfWall":0,"isLinear":true,"virtualWall":false,"reachable":false,"explored":false},"16,1,0":{"isWall":true,"halfWall":0,"isLinear":true,"virtualWall":false,"reachable":false,"explored":false},"16,3,0":{"isWall":true,"halfWall":0,"isLinear":true,"virtualWall":false,"reachable":false,"explored":false},"15,4,0":{"isWall":true,"halfWall":0,"isLinear":true,"virtualWall":false,"reachable":false,"explored":false},"13,4,0":{"isWall":true,"halfWall":0,"isLinear":true,"virtualWall":false,"reachable":false,"explored":false},"12,3,0":{"isWall":true,"halfWall":0,"isLinear":true,"virtualWall":false,"reachable":false,"explored":false},"12,1,0":{"isWall":true,"halfWall":0,"isLinear":true,"virtualWall":false,"reachable":false,"explored":false},"11,0,0":{"isWall":true,"halfWall":0,"isLinear":true,"virtualWall":false,"reachable":false,"explored":false},"9,0,0":{"isWall":true,"halfWall":0,"isLinear":true,"virtualWall":false,"reachable":false,"explored":false},"7,0,0":{"isWall":true,"halfWall":0,"isLinear":true,"virtualWall":false,"reachable":false,"explored":false},"5,0,0":{"isWall":true,"halfWall":0,"isLinear":true,"virtualWall":false,"reachable":false,"explored":false},"3,0,0":{"isWall":true,"halfWall":0,"isLinear":true,"virtualWall":false,"reachable":false,"explored":false},"1,0,0":{"isWall":true,"halfWall":0,"isLinear":true,"virtualWall":false,"reachable":false,"explored":false},"0,1,0":{"isWall":true,"halfWall":0,"isLinear":true,"virtualWall":false,"reachable":false,"explored":false},"1,2,0":{"isWall":true,"halfWall":0,"isLinear":true,"virtualWall":false,"reachable":false,"explored":false},"2,3,0":{"isWall":true,"halfWall":0,"isLinear":true,"virtualWall":false,"reachable":false,"explored":false},"1,4,0":{"isWall":true,"halfWall":0,"isLinear":true,"virtualWall":false,"reachable":false,"explored":false},"0,5,0":{"isWall":true,"halfWall":0,"isLinear":true,"virtualWall":false,"reachable":false,"explored":false},"0,7,0":{"isWall":true,"halfWall":0,"isLinear":true,"virtualWall":false,"reachable":false,"explored":false},"0,9,0":{"isWall":true,"halfWall":0,"isLinear":true,"virtualWall":false,"reachable":false,"explored":false},"1,10,0":{"isWall":true,"halfWall":0,"isLinear":true,"virtualWall":false,"reachable":false,"explored":false},"2,11,0":{"isWall":true,"halfWall":0,"isLinear":true,"virtualWall":false,"reachable":false,"explored":false},"3,12,0":{"isWall":true,"halfWall":0,"isLinear":true,"virtualWall":false,"reachable":false,"explored":false},"4,13,0":{"isWall":true,"halfWall":0,"isLinear":true,"virtualWall":false,"reachable":false,"explored":false},"3,14,0":{"isWall":true,"halfWall":0,"isLinear":true,"virtualWall":false,"reachable":false,"explored":false},"1,14,0":{"isWall":true,"halfWall":0,"isLinear":true,"virtualWall":false,"reachable":false,"explored":false},"0,15,0":{"isWall":true,"halfWall":0,"isLinear":true,"virtualWall":false,"reachable":false,"explored":false},"0,17,0":{"isWall":true,"halfWall":0,"isLinear":true,"virtualWall":false,"reachable":false,"explored":false},"0,19,0":{"isWall":true,"halfWall":0,"isLinear":true,"virtualWall":false,"reachable":false,"explored":false},"0,21,0":{"isWall":true,"halfWall":0,"isLinear":true,"virtualWall":false,"reachable":false,"explored":false},"0,23,0":{"isWall":true,"halfWall":0,"isLinear":true,"virtualWall":false,"reachable":false,"explored":false},"23,1,0":{"isTile":true,"tile":{"changeFloorTo":0,"halfTile":0,"curve":[0,0,0,0],"halfWallIn":[0,0,0,0],"halfWallVic":[],"checkpoint":false},"isLinear":true,"virtualWall":false,"reachable":true,"explored":false},"23,3,0":{"isTile":true,"isLinear":true,"tile":{"changeFloorTo":0,"curve":[0,0,0,0],"halfWallIn":[0,0,0,0],"halfWallVic":[]},"reachable":true,"virtualWall":false,"explored":false},"25,1,0":{"isTile":true,"isLinear":true,"tile":{"changeFloorTo":0,"curve":[0,0,0,0],"halfWallIn":[0,0,0,0],"halfWallVic":[]},"virtualWall":false,"reachable":false,"explored":false},"25,3,0":{"isTile":true,"isLinear":true,"tile":{"changeFloorTo":0,"curve":[0,0,0,0],"halfWallIn":[0,0,0,0],"halfWallVic":[]},"virtualWall":false,"reachable":false,"explored":false},"23,5,0":{"isTile":true,"isLinear":true,"tile":{"changeFloorTo":0,"curve":[0,0,0,0],"halfWallIn":[0,0,0,0],"halfWallVic":[]},"reachable":true,"virtualWall":false,"explored":false},"25,5,0":{"isTile":true,"isLinear":true,"tile":{"changeFloorTo":0,"curve":[0,0,0,0],"halfWallIn":[0,0,0,0],"halfWallVic":[]},"virtualWall":false,"reachable":false,"explored":false},"23,7,0":{"isTile":true,"isLinear":true,"tile":{"changeFloorTo":0,"curve":[0,0,0,0],"halfWallIn":[0,0,0,0],"halfWallVic":[]},"virtualWall":false,"reachable":false,"explored":false},"25,7,0":{"isTile":true,"isLinear":true,"tile":{"changeFloorTo":0,"curve":[0,0,0,0],"halfWallIn":[0,0,0,0],"halfWallVic":[]},"virtualWall":false,"reachable":false,"explored":false},"21,5,0":{"isTile":true,"isLinear":true,"tile":{"changeFloorTo":0,"curve":[0,0,0,0],"halfWallIn":[0,0,0,0],"halfWallVic":[]},"reachable":true,"virtualWall":false,"explored":false},"21,7,0":{"isTile":true,"isLinear":true,"tile":{"changeFloorTo":0,"curve":[0,0,0,0],"halfWallIn":[0,0,0,0],"halfWallVic":[]},"virtualWall":false,"reachable":false,"explored":false},"19,5,0":{"isTile":true,"isLinear":true,"tile":{"changeFloorTo":0,"curve":[0,0,0,0],"halfWallIn":[0,0,0,0],"halfWallVic":[]},"reachable":true,"virtualWall":false,"explored":false},"19,7,0":{"isTile":true,"isLinear":true,"tile":{"changeFloorTo":0,"curve":[0,0,0,0],"halfWallIn":[0,0,0,0],"halfWallVic":[]},"reachable":true,"virtualWall":false,"explored":false},"19,9,0":{"isTile":true,"isLinear":true,"tile":{"changeFloorTo":0,"curve":[0,0,0,0],"halfWallIn":[0,0,0,0],"halfWallVic":[]},"reachable":true,"virtualWall":false,"explored":false},"21,9,0":{"isTile":true,"isLinear":true,"tile":{"changeFloorTo":0,"curve":[0,0,0,0],"halfWallIn":[0,0,0,0],"halfWallVic":[]},"virtualWall":false,"reachable":false,"explored":false},"19,11,0":{"isTile":true,"isLinear":true,"tile":{"changeFloorTo":0,"curve":[0,0,0,0],"halfWallIn":[0,0,0,0],"halfWallVic":[],"color":"#08D508"},"reachable":true,"virtualWall":false,"explored":false},"21,11,0":{"isTile":true,"isLinear":true,"tile":{"changeFloorTo":0,"curve":[0,0,0,0],"halfWallIn":[0,0,0,0],"halfWallVic":[]},"reachable":true,"virtualWall":false,"explored":false},"23,9,0":{"isTile":true,"isLinear":true,"tile":{"changeFloorTo":0,"curve":[0,0,0,0],"halfWallIn":[0,0,0,0],"halfWallVic":[]},"virtualWall":false,"reachable":false,"explored":false},"23,11,0":{"isTile":true,"isLinear":true,"tile":{"changeFloorTo":0,"curve":[0,0,0,0],"halfWallIn":[0,0,0,0],"halfWallVic":[],"victims":{"top":"U"}},"reachable":true,"virtualWall":false,"explored":false},"25,9,0":{"isTile":true,"isLinear":true,"tile":{"changeFloorTo":0,"curve":[0,0,0,0],"halfWallIn":[0,0,0,0],"halfWallVic":[]},"virtualWall":false,"reachable":false,"explored":false},"25,11,0":{"isTile":true,"isLinear":true,"tile":{"changeFloorTo":0,"curve":[0,0,0,0],"halfWallIn":[0,0,0,0],"halfWallVic":[]},"virtualWall":false,"reachable":false,"explored":false},"23,13,0":{"isTile":true,"isLinear":true,"tile":{"changeFloorTo":0,"curve":[0,0,0,0],"halfWallIn":[0,0,0,0],"halfWallVic":[]},"reachable":true,"virtualWall":false,"explored":false},"25,13,0":{"isTile":true,"isLinear":true,"tile":{"changeFloorTo":0,"curve":[0,0,0,0],"halfWallIn":[0,0,0,0],"halfWallVic":[]},"virtualWall":false,"reachable":false,"explored":false},"23,15,0":{"isTile":true,"isLinear":true,"tile":{"changeFloorTo":0,"curve":[0,0,0,0],"halfWallIn":[0,0,0,0],"halfWallVic":[]},"reachable":true,"virtualWall":false,"explored":false},"25,15,0":{"isTile":true,"isLinear":true,"tile":{"changeFloorTo":0,"curve":[0,0,0,0],"halfWallIn":[0,0,0,0],"halfWallVic":[]},"virtualWall":false,"reachable":false,"explored":false},"23,17,0":{"isTile":true,"isLinear":true,"tile":{"changeFloorTo":0,"curve":[0,0,0,0],"halfWallIn":[0,0,0,0],"halfWallVic":[]},"reachable":true,"virtualWall":false,"explored":false},"25,17,0":{"isTile":true,"isLinear":true,"tile":{"changeFloorTo":0,"curve":[0,0,0,0],"halfWallIn":[0,0,0,0],"halfWallVic":[]},"virtualWall":false,"reachable":false,"explored":false},"23,19,0":{"isTile":true,"isLinear":true,"tile":{"changeFloorTo":0,"curve":[0,0,0,0],"halfWallIn":[0,0,0,0],"halfWallVic":[]},"virtualWall":false,"reachable":false,"explored":false},"25,19,0":{"isTile":true,"isLinear":true,"tile":{"changeFloorTo":0,"curve":[0,0,0,0],"halfWallIn":[0,0,0,0],"halfWallVic":[]},"virtualWall":false,"reachable":false,"explored":false},"21,17,0":{"isTile":true,"isLinear":true,"tile":{"changeFloorTo":0,"curve":[0,0,0,0],"halfWallIn":[0,0,0,0],"halfWallVic":[]},"reachable":true,"virtualWall":false,"explored":false},"21,19,0":{"isTile":true,"isLinear":true,"tile":{"changeFloorTo":0,"curve":[0,0,0,0],"halfWallIn":[0,0,0,0],"halfWallVic":[]},"reachable":true,"virtualWall":false,"explored":false},"21,21,0":{"isTile":true,"isLinear":true,"tile":{"changeFloorTo":0,"curve":[0,0,0,0],"halfWallIn":[0,0,0,0],"halfWallVic":[]},"reachable":true,"virtualWall":false,"explored":false},"23,21,0":{"isTile":true,"isLinear":true,"tile":{"changeFloorTo":0,"curve":[0,0,0,0],"halfWallIn":[0,0,0,0],"halfWallVic":[]},"reachable":true,"virtualWall":false,"explored":false},"25,21,0":{"isTile":true,"isLinear":true,"tile":{"changeFloorTo":0,"curve":[0,0,0,0],"halfWallIn":[0,0,0,0],"halfWallVic":[]},"virtualWall":false,"reachable":false,"explored":false},"23,23,0":{"isTile":true,"isLinear":true,"tile":{"changeFloorTo":0,"curve":[0,0,0,0],"halfWallIn":[0,0,0,0],"halfWallVic":[]},"virtualWall":false,"reachable":false,"explored":false},"25,23,0":{"isTile":true,"isLinear":true,"tile":{"changeFloorTo":0,"curve":[0,0,0,0],"halfWallIn":[0,0,0,0],"halfWallVic":[]},"virtualWall":false,"reachable":false,"explored":false},"21,23,0":{"isTile":true,"isLinear":true,"tile":{"changeFloorTo":0,"curve":[0,0,0,0],"halfWallIn":[0,0,0,0],"halfWallVic":[]},"reachable":true,"virtualWall":false,"explored":false},"21,25,0":{"isTile":true,"isLinear":true,"tile":{"changeFloorTo":0,"curve":[0,0,0,0],"halfWallIn":[0,0,0,0],"halfWallVic":[]},"virtualWall":false,"reachable":false,"explored":false},"23,25,0":{"isTile":true,"isLinear":true,"tile":{"changeFloorTo":0,"curve":[0,0,0,0],"halfWallIn":[0,0,0,0],"halfWallVic":[]},"virtualWall":false,"reachable":false,"explored":false},"19,23,0":{"isTile":true,"isLinear":true,"tile":{"changeFloorTo":0,"curve":[0,0,0,0],"halfWallIn":[0,0,0,0],"halfWallVic":[]},"reachable":true,"virtualWall":false,"explored":false},"19,25,0":{"isTile":true,"isLinear":true,"tile":{"changeFloorTo":0,"curve":[0,0,0,0],"halfWallIn":[0,0,0,0],"halfWallVic":[]},"virtualWall":false,"reachable":false,"explored":false},"17,23,0":{"isTile":true,"isLinear":true,"tile":{"changeFloorTo":0,"curve":[0,0,0,0],"halfWallIn":[0,0,0,0],"halfWallVic":[],"victims":{"left":"U"}},"reachable":true,"virtualWall":false,"explored":false},"17,25,0":{"isTile":true,"isLinear":true,"tile":{"changeFloorTo":0,"curve":[0,0,0,0],"halfWallIn":[0,0,0,0],"halfWallVic":[]},"virtualWall":false,"reachable":false,"explored":false},"15,23,0":{"isTile":true,"isLinear":true,"tile":{"changeFloorTo":0,"curve":[0,0,0,0],"halfWallIn":[0,0,0,0],"halfWallVic":[]},"virtualWall":false,"reachable":false,"explored":false},"15,25,0":{"isTile":true,"isLinear":true,"tile":{"changeFloorTo":0,"curve":[0,0,0,0],"halfWallIn":[0,0,0,0],"halfWallVic":[]},"virtualWall":false,"reachable":false,"explored":false},"15,21,0":{"isTile":true,"isLinear":true,"tile":{"changeFloorTo":0,"curve":[0,0,0,0],"halfWallIn":[0,0,0,0],"halfWallVic":[]},"virtualWall":false,"reachable":false,"explored":false},"17,21,0":{"isTile":true,"isLinear":true,"tile":{"changeFloorTo":0,"curve":[0,0,0,0],"halfWallIn":[0,0,0,0],"halfWallVic":[]},"reachable":true,"virtualWall":false,"explored":false},"15,19,0":{"isTile":true,"isLinear":true,"tile":{"changeFloorTo":0,"curve":[0,0,0,0],"halfWallIn":[0,0,0,0],"halfWallVic":[]},"virtualWall":false,"reachable":false,"explored":false},"17,19,0":{"isTile":true,"isLinear":true,"tile":{"changeFloorTo":0,"curve":[0,0,0,0],"halfWallIn":[0,0,0,0],"halfWallVic":[]},"reachable":true,"virtualWall":false,"explored":false},"15,17,0":{"isTile":true,"isLinear":true,"tile":{"changeFloorTo":0,"curve":[0,0,0,0],"halfWallIn":[0,0,0,0],"halfWallVic":[]},"reachable":true,"virtualWall":false,"explored":false},"17,17,0":{"isTile":true,"isLinear":true,"tile":{"changeFloorTo":0,"curve":[0,0,0,0],"halfWallIn":[0,0,0,0],"halfWallVic":[],"swamp":true},"reachable":true,"virtualWall":false,"explored":false},"13,17,0":{"isTile":true,"isLinear":true,"tile":{"changeFloorTo":0,"curve":[0,0,0,0],"halfWallIn":[0,0,0,0],"halfWallVic":[]},"reachable":true,"virtualWall":false,"explored":false},"13,19,0":{"isTile":true,"isLinear":true,"tile":{"changeFloorTo":0,"curve":[0,0,0,0],"halfWallIn":[0,0,0,0],"halfWallVic":[]},"virtualWall":false,"reachable":false,"explored":false},"11,17,0":{"isTile":true,"isLinear":true,"tile":{"changeFloorTo":0,"curve":[0,0,0,0],"halfWallIn":[0,0,0,0],"halfWallVic":[],"color":"#e71a1a"},"reachable":true,"virtualWall":false,"explored":false},"11,19,0":{"isTile":true,"isLinear":true,"tile":{"changeFloorTo":0,"curve":[0,0,0,0],"halfWallIn":[0,0,0,0],"halfWallVic":[]},"reachable":true,"virtualWall":false,"explored":false},"11,21,0":{"isTile":true,"isLinear":true,"tile":{"changeFloorTo":0,"curve":[0,0,0,0],"halfWallIn":[0,0,0,0],"halfWallVic":[]},"reachable":true,"virtualWall":false,"explored":false},"13,21,0":{"isTile":true,"isLinear":true,"tile":{"changeFloorTo":0,"curve":[0,0,0,0],"halfWallIn":[0,0,0,0],"halfWallVic":[]},"virtualWall":false,"reachable":false,"explored":false},"11,23,0":{"isTile":true,"isLinear":true,"tile":{"changeFloorTo":0,"curve":[0,0,0,0],"halfWallIn":[0,0,0,0],"halfWallVic":[],"victims":{"bottom":"O"}},"reachable":true,"virtualWall":false,"explored":false},"13,23,0":{"isTile":true,"isLinear":true,"tile":{"changeFloorTo":0,"curve":[0,0,0,0],"halfWallIn":[0,0,0,0],"halfWallVic":[]},"virtualWall":false,"reachable":false,"explored":false},"11,25,0":{"isTile":true,"isLinear":true,"tile":{"changeFloorTo":0,"curve":[0,0,0,0],"halfWallIn":[0,0,0,0],"halfWallVic":[]},"virtualWall":false,"reachable":false,"explored":false},"13,25,0":{"isTile":true,"isLinear":true,"tile":{"changeFloorTo":0,"curve":[0,0,0,0],"halfWallIn":[0,0,0,0],"halfWallVic":[]},"virtualWall":false,"reachable":false,"explored":false},"9,23,0":{"isTile":true,"isLinear":true,"tile":{"changeFloorTo":0,"curve":[0,0,0,0],"halfWallIn":[0,0,0,0],"halfWallVic":[],"checkpoint":true},"reachable":true,"virtualWall":false,"explored":false},"9,25,0":{"isTile":true,"isLinear":true,"tile":{"changeFloorTo":0,"curve":[0,0,0,0],"halfWallIn":[0,0,0,0],"halfWallVic":[]},"virtualWall":false,"reachable":false,"explored":false},"7,23,0":{"isTile":true,"isLinear":true,"tile":{"changeFloorTo":0,"curve":[0,0,0,0],"halfWallIn":[0,0,0,0],"halfWallVic":[]},"reachable":true,"virtualWall":false,"explored":false},"7,25,0":{"isTile":true,"isLinear":true,"tile":{"changeFloorTo":0,"curve":[0,0,0,0],"halfWallIn":[0,0,0,0],"halfWallVic":[]},"virtualWall":false,"reachable":false,"explored":false},"5,23,0":{"isTile":true,"isLinear":true,"tile":{"changeFloorTo":0,"curve":[0,0,0,0],"halfWallIn":[0,0,0,0],"halfWallVic":[]},"reachable":true,"virtualWall":false,"explored":false},"5,25,0":{"isTile":true,"isLinear":true,"tile":{"changeFloorTo":0,"curve":[0,0,0,0],"halfWallIn":[0,0,0,0],"halfWallVic":[]},"virtualWall":false,"reachable":false,"explored":false},"3,23,0":{"isTile":true,"isLinear":true,"tile":{"changeFloorTo":0,"curve":[0,0,0,0],"halfWallIn":[0,0,0,0],"halfWallVic":[]},"reachable":true,"virtualWall":false,"explored":false},"3,25,0":{"isTile":true,"isLinear":true,"tile":{"changeFloorTo":0,"curve":[0,0,0,0],"halfWallIn":[0,0,0,0],"halfWallVic":[]},"virtualWall":false,"reachable":false,"explored":false},"1,25,0":{"isTile":true,"isLinear":true,"tile":{"changeFloorTo":0,"curve":[0,0,0,0],"halfWallIn":[0,0,0,0],"halfWallVic":[]},"virtualWall":false,"reachable":false,"explored":false},"1,21,0":{"isTile":true,"isLinear":true,"tile":{"changeFloorTo":0,"curve":[0,0,0,0],"halfWallIn":[0,0,0,0],"halfWallVic":[],"halfTile":1},"reachable":true,"virtualWall":false,"explored":false},"1,19,0":{"isTile":true,"isLinear":true,"tile":{"changeFloorTo":0,"curve":[0,0,0,0],"halfWallIn":[0,0,0,0],"halfWallVic":[],"halfTile":1},"reachable":true,"virtualWall":false,"explored":false},"1,17,0":{"isTile":true,"isLinear":true,"tile":{"changeFloorTo":0,"curve":[0,0,0,0],"halfWallIn":[0,0,0,0],"halfWallVic":[],"halfTile":1},"reachable":true,"virtualWall":false,"explored":false},"1,15,0":{"isTile":true,"isLinear":true,"tile":{"changeFloorTo":0,"curve":[0,0,0,0],"halfWallIn":[0,0,0,0],"halfWallVic":[],"halfTile":1},"reachable":true,"virtualWall":false,"explored":false},"1,13,0":{"isTile":true,"isLinear":true,"tile":{"changeFloorTo":0,"curve":[0,0,0,0],"halfWallIn":[0,0,0,0],"halfWallVic":[]},"virtualWall":false,"reachable":false,"explored":false},"3,13,0":{"isTile":true,"isLinear":true,"tile":{"changeFloorTo":0,"curve":[0,0,0,0],"halfWallIn":[0,0,0,0],"halfWallVic":[]},"virtualWall":false,"reachable":false,"explored":false},"3,15,0":{"isTile":true,"isLinear":true,"tile":{"changeFloorTo":0,"curve":[0,0,0,0],"halfWallIn":[0,0,0,0],"halfWallVic":[],"halfTile":1},"reachable":true,"virtualWall":false,"explored":false},"5,13,0":{"isTile":true,"isLinear":true,"tile":{"changeFloorTo":0,"curve":[0,0,0,0],"halfWallIn":[0,0,0,0],"halfWallVic":[]},"reachable":true,"virtualWall":false,"explored":false},"5,15,0":{"isTile":true,"isLinear":true,"tile":{"changeFloorTo":0,"curve":[0,0,0,0],"halfWallIn":[0,0,0,0],"halfWallVic":[],"halfTile":1},"reachable":true,"virtualWall":false,"explored":false},"3,11,0":{"isTile":true,"isLinear":true,"tile":{"changeFloorTo":0,"curve":[0,0,0,0],"halfWallIn":[0,0,0,0],"halfWallVic":[]},"reachable":true,"virtualWall":false,"explored":false},"5,11,0":{"isTile":true,"isLinear":true,"tile":{"changeFloorTo":0,"curve":[0,0,0,0],"halfWallIn":[0,0,0,0],"halfWallVic":[]},"reachable":true,"virtualWall":false,"explored":false},"1,11,0":{"isTile":true,"isLinear":true,"tile":{"changeFloorTo":0,"curve":[0,0,0,0],"halfWallIn":[0,0,0,0],"halfWallVic":[]},"virtualWall":false,"reachable":false,"explored":false},"1,9,0":{"isTile":true,"isLinear":true,"tile":{"changeFloorTo":0,"curve":[0,0,0,0],"halfWallIn":[0,0,0,0],"halfWallVic":[]},"reachable":true,"virtualWall":false,"explored":false},"3,9,0":{"isTile":true,"isLinear":true,"tile":{"changeFloorTo":0,"curve":[0,0,0,0],"halfWallIn":[0,0,0,0],"halfWallVic":[],"color":"#4d1a99"},"reachable":true,"virtualWall":false,"explored":false},"1,7,0":{"isTile":true,"isLinear":true,"tile":{"changeFloorTo":0,"curve":[0,0,0,0],"halfWallIn":[0,0,0,0],"halfWallVic":[]},"reachable":true,"virtualWall":false,"explored":false},"1,5,0":{"isTile":true,"isLinear":true,"tile":{"changeFloorTo":0,"curve":[0,0,0,0],"halfWallIn":[0,0,0,0],"halfWallVic":[]},"reachable":true,"virtualWall":false,"explored":false},"1,3,0":{"isTile":true,"isLinear":true,"tile":{"changeFloorTo":0,"curve":[0,0,0,0],"halfWallIn":[0,0,0,0],"halfWallVic":[]},"virtualWall":false,"reachable":false,"explored":false},"3,3,0":{"isTile":true,"isLinear":true,"tile":{"changeFloorTo":0,"curve":[0,0,0,0],"halfWallIn":[0,0,0,0],"halfWallVic":[]},"reachable":true,"virtualWall":false,"explored":false},"3,5,0":{"isTile":true,"isLinear":true,"tile":{"changeFloorTo":0,"curve":[0,0,0,0],"halfWallIn":[0,0,0,0],"halfWallVic":[]},"reachable":true,"virtualWall":false,"explored":false},"1,1,0":{"isTile":true,"isLinear":true,"tile":{"changeFloorTo":0,"curve":[0,0,0,0],"halfWallIn":[0,0,0,0],"halfWallVic":[]},"reachable":true,"virtualWall":false,"explored":false},"3,1,0":{"isTile":true,"isLinear":true,"tile":{"changeFloorTo":0,"curve":[0,0,0,0],"halfWallIn":[0,0,0,0],"halfWallVic":[]},"reachable":true,"virtualWall":false,"explored":false},"5,1,0":{"isTile":true,"isLinear":true,"tile":{"changeFloorTo":0,"curve":[0,0,0,0],"halfWallIn":[0,0,0,0],"halfWallVic":[],"victims":{"bottom":"U"}},"reachable":true,"virtualWall":false,"explored":false},"7,1,0":{"isTile":true,"isLinear":true,"tile":{"changeFloorTo":0,"curve":[0,0,0,0],"halfWallIn":[0,0,0,0],"halfWallVic":[]},"reachable":true,"virtualWall":false,"explored":false},"9,1,0":{"isTile":true,"isLinear":true,"tile":{"changeFloorTo":0,"curve":[0,0,0,0],"halfWallIn":[0,0,0,0],"halfWallVic":[],"checkpoint":true},"reachable":true,"virtualWall":false,"explored":false},"11,1,0":{"isTile":true,"isLinear":true,"tile":{"changeFloorTo":0,"curve":[0,0,0,0],"halfWallIn":[0,0,0,0],"halfWallVic":[],"halfTile":1},"reachable":true,"virtualWall":false,"explored":false},"13,1,0":{"isTile":true,"isLinear":true,"tile":{"changeFloorTo":0,"curve":[0,0,0,0],"halfWallIn":[0,0,0,0],"halfWallVic":[]},"virtualWall":false,"reachable":false,"explored":false},"11,3,0":{"isTile":true,"isLinear":true,"tile":{"changeFloorTo":0,"curve":[0,0,0,0],"halfWallIn":[0,0,0,0],"halfWallVic":[],"halfTile":1},"reachable":true,"virtualWall":false,"explored":false},"13,3,0":{"isTile":true,"isLinear":true,"tile":{"changeFloorTo":0,"curve":[0,0,0,0],"halfWallIn":[0,0,0,0],"halfWallVic":[]},"virtualWall":false,"reachable":false,"explored":false},"11,5,0":{"isTile":true,"isLinear":true,"tile":{"changeFloorTo":0,"curve":[0,0,0,0],"halfWallIn":[0,0,0,0],"halfWallVic":[],"halfTile":1},"reachable":true,"virtualWall":false,"explored":false},"13,5,0":{"isTile":true,"isLinear":true,"tile":{"changeFloorTo":0,"curve":[0,0,0,0],"halfWallIn":[0,0,0,0],"halfWallVic":[],"color":"#1a1ae6"},"reachable":true,"virtualWall":false,"explored":false},"15,3,0":{"isTile":true,"isLinear":true,"tile":{"changeFloorTo":0,"curve":[0,0,0,0],"halfWallIn":[0,0,0,0],"halfWallVic":[]},"virtualWall":false,"reachable":false,"explored":false},"15,5,0":{"isTile":true,"isLinear":true,"tile":{"changeFloorTo":0,"curve":[0,0,0,0],"halfWallIn":[0,0,0,0],"halfWallVic":[]},"reachable":true,"virtualWall":false,"explored":false},"17,3,0":{"isTile":true,"isLinear":true,"tile":{"changeFloorTo":0,"curve":[0,0,0,0],"halfWallIn":[0,0,0,0],"halfWallVic":[]},"reachable":true,"virtualWall":false,"explored":false},"17,5,0":{"isTile":true,"isLinear":true,"tile":{"changeFloorTo":0,"curve":[0,0,0,0],"halfWallIn":[0,0,0,0],"halfWallVic":[],"obstacle":true},"reachable":true,"virtualWall":false,"explored":false},"15,1,0":{"isTile":true,"isLinear":true,"tile":{"changeFloorTo":0,"curve":[0,0,0,0],"halfWallIn":[0,0,0,0],"halfWallVic":[]},"virtualWall":false,"reachable":false,"explored":false},"17,1,0":{"isTile":true,"isLinear":true,"tile":{"changeFloorTo":0,"curve":[0,0,0,0],"halfWallIn":[0,0,0,0],"halfWallVic":[]},"reachable":true,"virtualWall":false,"explored":false},"19,1,0":{"isTile":true,"isLinear":true,"tile":{"changeFloorTo":0,"curve":[0,0,0,0],"halfWallIn":[0,0,0,0],"halfWallVic":[]},"reachable":true,"virtualWall":false,"explored":false},"21,1,0":{"isTile":true,"isLinear":true,"tile":{"changeFloorTo":0,"curve":[0,0,0,0],"halfWallIn":[0,0,0,0],"halfWallVic":[]},"reachable":true,"virtualWall":false,"explored":false},"21,3,0":{"isTile":true,"tile":{"changeFloorTo":0,"halfWallIn":[0,0,0,0],"curve":[0,0,0,0],"halfWallVic":[]},"reachable":true,"isLinear":true,"virtualWall":false,"explored":false},"19,3,0":{"isTile":true,"tile":{"changeFloorTo":0,"halfWallIn":[0,0,0,0],"curve":[0,0,0,0],"halfWallVic":[]},"reachable":true,"isLinear":true,"virtualWall":false,"explored":false},"19,13,0":{"isTile":true,"tile":{"changeFloorTo":0,"halfWallIn":[0,0,0,0],"curve":[0,0,0,0],"halfWallVic":[]},"reachable":true,"isLinear":false,"virtualWall":false,"explored":false},"19,15,0":{"isTile":true,"tile":{"changeFloorTo":0,"halfWallIn":[0,0,0,0],"curve":[0,0,0,0],"halfWallVic":[]},"reachable":true,"isLinear":false,"virtualWall":false,"explored":false},"19,17,0":{"isTile":true,"tile":{"changeFloorTo":0,"halfWallIn":[0,0,0,0],"curve":[0,0,0,0],"halfWallVic":[],"halfTile":0},"reachable":true,"isLinear":false,"virtualWall":false,"explored":false},"19,19,0":{"isTile":true,"tile":{"changeFloorTo":0,"halfWallIn":[0,0,0,0],"curve":[0,0,0,0],"halfWallVic":[]},"reachable":true,"isLinear":false,"virtualWall":false,"explored":false},"19,21,0":{"isTile":true,"tile":{"changeFloorTo":0,"halfWallIn":[0,0,0,0],"curve":[0,0,0,0],"halfWallVic":[]},"reachable":true,"isLinear":false,"virtualWall":false,"explored":false},"21,15,0":{"isTile":true,"tile":{"changeFloorTo":0,"halfWallIn":[0,0,0,0],"curve":[0,0,0,0],"halfWallVic":[],"black":true},"reachable":true,"isLinear":false,"virtualWall":false,"explored":false},"21,13,0":{"isTile":true,"tile":{"changeFloorTo":0,"halfWallIn":[0,0,0,0],"curve":[0,0,0,0],"halfWallVic":[]},"reachable":true,"isLinear":true,"virtualWall":false,"explored":false},"17,15,0":{"isTile":true,"tile":{"changeFloorTo":0,"halfWallIn":[0,0,0,0],"curve":[0,0,0,0],"halfWallVic":[]},"reachable":true,"isLinear":false,"virtualWall":false,"explored":false},"17,13,0":{"isTile":true,"tile":{"changeFloorTo":0,"halfWallIn":[0,0,0,0],"curve":[0,0,0,0],"halfWallVic":[]},"reachable":true,"isLinear":false,"virtualWall":false,"explored":false},"17,11,0":{"isTile":true,"tile":{"changeFloorTo":0,"halfWallIn":[0,0,0,0],"curve":[0,0,0,0],"halfWallVic":[]},"reachable":true,"isLinear":false,"virtualWall":false,"explored":false},"17,9,0":{"isTile":true,"tile":{"changeFloorTo":0,"halfWallIn":[0,0,0,0],"curve":[0,0,0,0],"halfWallVic":[]},"reachable":true,"isLinear":false,"virtualWall":false,"explored":false},"17,7,0":{"isTile":true,"tile":{"changeFloorTo":0,"halfWallIn":[0,0,0,0],"curve":[0,0,0,0],"halfWallVic":[],"checkpoint":true},"reachable":true,"isLinear":false,"virtualWall":false,"explored":false},"15,7,0":{"isTile":true,"tile":{"changeFloorTo":0,"halfWallIn":[0,0,0,0],"curve":[0,0,0,0],"halfWallVic":[]},"reachable":true,"isLinear":false,"virtualWall":false,"explored":false},"15,9,0":{"isTile":true,"tile":{"changeFloorTo":0,"halfWallIn":[0,0,0,0],"curve":[0,0,0,0],"halfWallVic":[]},"reachable":true,"isLinear":false,"virtualWall":false,"explored":false},"15,11,0":{"isTile":true,"tile":{"changeFloorTo":0,"halfWallIn":[0,0,0,0],"curve":[0,0,0,0],"halfWallVic":[]},"reachable":true,"isLinear":false,"virtualWall":false,"explored":false},"15,13,0":{"isTile":true,"tile":{"changeFloorTo":0,"halfWallIn":[0,0,0,0],"curve":[0,0,0,0],"halfWallVic":[]},"reachable":true,"isLinear":false,"virtualWall":false,"explored":false},"15,15,0":{"isTile":true,"tile":{"changeFloorTo":0,"halfWallIn":[0,0,0,0],"curve":[0,0,0,0],"halfWallVic":[]},"reachable":true,"isLinear":false,"virtualWall":false,"explored":false},"13,15,0":{"isTile":true,"tile":{"changeFloorTo":0,"halfWallIn":[0,0,0,0],"curve":[0,0,0,0],"halfWallVic":[]},"reachable":true,"isLinear":false,"virtualWall":false,"explored":false},"13,13,0":{"isTile":true,"tile":{"changeFloorTo":0,"halfWallIn":[0,0,0,0],"curve":[0,0,0,0],"halfWallVic":[],"checkpoint":true},"reachable":true,"isLinear":false,"virtualWall":false,"explored":false},"13,11,0":{"isTile":true,"tile":{"changeFloorTo":0,"halfWallIn":[0,0,0,0],"curve":[0,0,0,0],"halfWallVic":[]},"reachable":false,"isLinear":false,"virtualWall":false,"explored":false},"13,9,0":{"isTile":true,"tile":{"changeFloorTo":0,"halfWallIn":[0,0,0,0],"curve":[0,0,0,0],"halfWallVic":[]},"reachable":true,"isLinear":false,"virtualWall":false,"explored":false},"13,7,0":{"isTile":true,"tile":{"changeFloorTo":0,"halfWallIn":[0,0,0,0],"curve":[0,0,0,0],"halfWallVic":[]},"reachable":true,"isLinear":false,"virtualWall":false,"explored":false},"9,3,0":{"isTile":true,"tile":{"changeFloorTo":0,"halfWallIn":[0,0,0,0],"curve":[0,0,0,0],"halfWallVic":[],"halfTile":1},"reachable":true,"isLinear":false,"virtualWall":false,"explored":false},"9,5,0":{"isTile":true,"tile":{"changeFloorTo":0,"halfWallIn":[0,0,0,0],"curve":[0,0,0,0],"halfWallVic":[],"halfTile":1},"reachable":true,"isLinear":false,"virtualWall":false,"explored":false},"9,7,0":{"isTile":true,"tile":{"changeFloorTo":0,"halfWallIn":[0,0,0,0],"curve":[0,0,0,0],"halfWallVic":[],"halfTile":1},"reachable":true,"isLinear":false,"virtualWall":false,"explored":false},"9,9,0":{"isTile":true,"tile":{"changeFloorTo":0,"halfWallIn":[0,0,0,0],"curve":[0,0,0,0],"halfWallVic":[],"halfTile":1},"reachable":true,"isLinear":false,"virtualWall":false,"explored":false},"9,11,0":{"isTile":true,"tile":{"changeFloorTo":0,"halfWallIn":[0,0,0,0],"curve":[0,0,0,0],"halfWallVic":[]},"reachable":true,"isLinear":false,"virtualWall":false,"explored":false},"9,13,0":{"isTile":true,"tile":{"changeFloorTo":0,"halfWallIn":[0,0,0,0],"curve":[0,0,0,0],"halfWallVic":[]},"reachable":true,"isLinear":false,"virtualWall":false,"explored":false},"9,15,0":{"isTile":true,"tile":{"changeFloorTo":0,"halfWallIn":[0,0,0,0],"curve":[0,0,0,0],"halfWallVic":[],"halfTile":1},"reachable":true,"isLinear":false,"virtualWall":false,"explored":false},"9,17,0":{"isTile":true,"tile":{"changeFloorTo":0,"halfWallIn":[0,0,0,0],"curve":[0,0,0,0],"halfWallVic":[],"halfTile":1},"reachable":true,"isLinear":false,"virtualWall":false,"explored":false},"9,19,0":{"isTile":true,"tile":{"changeFloorTo":0,"halfWallIn":[0,0,0,0],"curve":[0,1,0,2],"halfWallVic":[null,null,null,null,null,null,"1"],"halfTile":1},"reachable":true,"isLinear":false,"virtualWall":false,"explored":false},"9,21,0":{"isTile":true,"tile":{"changeFloorTo":0,"halfWallIn":[0,0,0,0],"curve":[0,2,2,0],"halfWallVic":[null,null,null,null,null,null,null,null,null,"","",""],"halfTile":1},"reachable":true,"isLinear":false,"virtualWall":false,"explored":false},"11,15,0":{"isTile":true,"tile":{"changeFloorTo":0,"halfWallIn":[0,0,0,0],"curve":[0,0,0,0],"halfWallVic":[],"swamp":true},"reachable":true,"isLinear":false,"virtualWall":false,"explored":false},"11,13,0":{"isTile":true,"tile":{"changeFloorTo":0,"halfWallIn":[0,0,0,0],"curve":[0,0,0,0],"halfWallVic":[]},"reachable":false,"isLinear":false,"virtualWall":false,"explored":false},"11,11,0":{"isTile":true,"tile":{"changeFloorTo":0,"halfWallIn":[0,0,0,0],"curve":[0,0,0,0],"halfWallVic":[]},"reachable":false,"isLinear":false,"virtualWall":false,"explored":false},"11,9,0":{"isTile":true,"tile":{"changeFloorTo":0,"halfWallIn":[0,0,0,0],"curve":[0,0,0,0],"halfWallVic":[],"halfTile":1},"reachable":true,"isLinear":false,"virtualWall":false,"explored":false},"11,7,0":{"isTile":true,"tile":{"changeFloorTo":0,"halfWallIn":[0,0,0,0],"curve":[0,0,0,0],"halfWallVic":[],"halfTile":1},"reachable":true,"isLinear":false,"virtualWall":false,"explored":false},"7,21,0":{"isTile":true,"tile":{"changeFloorTo":0,"halfWallIn":[0,0,0,0],"curve":[0,0,0,0],"halfWallVic":[],"halfTile":1},"reachable":true,"isLinear":false,"virtualWall":false,"explored":false},"7,19,0":{"isTile":true,"tile":{"changeFloorTo":0,"halfWallIn":[0,0,0,0],"curve":[0,0,0,0],"halfWallVic":[],"halfTile":1},"reachable":true,"isLinear":false,"virtualWall":false,"explored":false},"7,17,0":{"isTile":true,"tile":{"changeFloorTo":0,"halfWallIn":[0,0,0,0],"curve":[0,0,0,0],"halfWallVic":[],"halfTile":1},"reachable":true,"isLinear":false,"virtualWall":false,"explored":false},"7,15,0":{"isTile":true,"tile":{"changeFloorTo":0,"halfWallIn":[0,0,0,0],"curve":[0,0,0,0],"halfWallVic":[],"halfTile":1},"reachable":true,"isLinear":false,"virtualWall":false,"explored":false},"7,13,0":{"isTile":true,"tile":{"changeFloorTo":0,"halfWallIn":[0,0,0,0],"curve":[0,0,0,0],"halfWallVic":[],"black":true},"reachable":true,"isLinear":false,"virtualWall":false,"explored":false},"7,11,0":{"isTile":true,"tile":{"changeFloorTo":0,"halfWallIn":[0,0,0,0],"curve":[0,0,0,0],"halfWallVic":[]},"reachable":true,"isLinear":false,"virtualWall":false,"explored":false},"7,9,0":{"isTile":true,"tile":{"changeFloorTo":0,"halfWallIn":[0,0,0,0],"curve":[0,0,0,0],"halfWallVic":[],"halfTile":1},"reachable":true,"isLinear":false,"virtualWall":false,"explored":false},"7,7,0":{"isTile":true,"tile":{"changeFloorTo":0,"halfWallIn":[0,0,0,0],"curve":[0,0,0,0],"halfWallVic":[],"obstacle":true,"halfTile":1},"reachable":true,"isLinear":false,"virtualWall":false,"explored":false},"7,5,0":{"isTile":true,"tile":{"changeFloorTo":0,"halfWallIn":[0,0,0,0],"curve":[0,0,0,0],"halfWallVic":[],"halfTile":1},"reachable":true,"isLinear":false,"virtualWall":false,"explored":false},"7,3,0":{"isTile":true,"tile":{"changeFloorTo":0,"halfWallIn":[0,0,0,0],"curve":[0,0,0,0],"halfWallVic":[],"halfTile":1},"reachable":true,"isLinear":false,"virtualWall":false,"explored":false},"5,3,0":{"isTile":true,"tile":{"changeFloorTo":0,"halfWallIn":[0,0,0,0],"curve":[0,0,0,0],"halfWallVic":[],"halfTile":1},"reachable":true,"isLinear":false,"virtualWall":false,"explored":false},"5,5,0":{"isTile":true,"tile":{"changeFloorTo":0,"halfWallIn":[0,0,0,0],"curve":[0,0,0,0],"halfWallVic":[],"halfTile":1},"reachable":true,"isLinear":false,"virtualWall":false,"explored":false},"5,7,0":{"isTile":true,"tile":{"changeFloorTo":0,"halfWallIn":[0,0,0,0],"curve":[0,0,0,0],"halfWallVic":[],"halfTile":1},"reachable":true,"isLinear":false,"virtualWall":false,"explored":false},"5,9,0":{"isTile":true,"tile":{"changeFloorTo":0,"halfWallIn":[0,0,0,0],"curve":[0,0,0,0],"halfWallVic":[],"halfTile":1},"reachable":true,"isLinear":false,"virtualWall":false,"explored":false},"5,17,0":{"isTile":true,"tile":{"changeFloorTo":0,"halfWallIn":[0,0,0,0],"curve":[2,0,1,0],"halfWallVic":[],"halfTile":1},"reachable":true,"isLinear":false,"virtualWall":false,"explored":false},"5,19,0":{"isTile":true,"tile":{"changeFloorTo":0,"halfWallIn":[0,0,0,0],"curve":[2,0,1,0],"halfWallVic":[],"halfTile":1},"reachable":true,"isLinear":false,"virtualWall":false,"explored":false},"5,21,0":{"isTile":true,"tile":{"changeFloorTo":0,"halfWallIn":[0,0,0,0],"curve":[0,0,0,0],"halfWallVic":[],"halfTile":1},"reachable":true,"isLinear":false,"virtualWall":false,"explored":false},"3,21,0":{"isTile":true,"tile":{"changeFloorTo":0,"halfWallIn":[0,0,0,0],"curve":[0,0,0,0],"halfWallVic":[],"swamp":true,"halfTile":1},"reachable":true,"isLinear":false,"virtualWall":false,"explored":false},"3,19,0":{"isTile":true,"tile":{"changeFloorTo":0,"halfWallIn":[0,0,0,0],"curve":[0,0,0,0],"halfWallVic":[],"halfTile":1},"reachable":true,"isLinear":false,"virtualWall":false,"explored":false},"3,17,0":{"isTile":true,"tile":{"changeFloorTo":0,"halfWallIn":[0,0,0,0],"curve":[0,0,0,0],"halfWallVic":[],"halfTile":1,"victims":{"bottom":"S"}},"reachable":true,"isLinear":false,"virtualWall":false,"explored":false},"3,7,0":{"isTile":true,"tile":{"changeFloorTo":0,"halfWallIn":[0,0,0,0],"curve":[0,0,0,0],"halfWallVic":[],"halfTile":1},"reachable":true,"isLinear":false,"virtualWall":false,"explored":false},"11,10,0":{"isWall":true,"halfWall":0,"isLinear":false,"virtualWall":false,"reachable":false,"explored":false},"13,10,0":{"isWall":true,"halfWall":0,"isLinear":false,"virtualWall":false,"reachable":false,"explored":false},"14,11,0":{"isWall":true,"halfWall":0,"isLinear":false,"virtualWall":false,"reachable":false,"explored":false},"13,12,0":{"isWall":true,"halfWall":0,"isLinear":false,"virtualWall":false,"reachable":false,"explored":false},"12,13,0":{"isWall":true,"halfWall":0,"isLinear":false,"virtualWall":false,"reachable":false,"explored":false},"11,14,0":{"isWall":true,"halfWall":0,"isLinear":false,"virtualWall":false,"reachable":false,"explored":false},"10,13,0":{"isWall":true,"halfWall":0,"isLinear":false,"virtualWall":false,"reachable":false,"explored":false},"10,11,0":{"isWall":true,"halfWall":0,"isLinear":false,"virtualWall":false,"reachable":false,"explored":false},"19,8,0":{"isWall":false,"halfWall":0,"isLinear":false,"virtualWall":false,"reachable":false,"explored":false},"17,8,0":{"isWall":true,"halfWall":0,"isLinear":false,"virtualWall":false,"reachable":false,"explored":false},"15,8,0":{"isWall":true,"halfWall":0,"isLinear":false,"virtualWall":false,"reachable":false,"explored":false},"13,8,0":{"isWall":true,"halfWall":0,"isLinear":false,"virtualWall":false,"reachable":false,"explored":false},"12,7,0":{"isWall":true,"halfWall":0,"isLinear":false,"virtualWall":false,"reachable":false,"explored":false},"9,10,0":{"isWall":true,"halfWall":0,"isLinear":false,"virtualWall":false,"reachable":false,"explored":false},"7,10,0":{"isWall":true,"halfWall":0,"isLinear":false,"virtualWall":false,"reachable":false,"explored":false},"5,10,0":{"isWall":true,"halfWall":0,"isLinear":false,"virtualWall":false,"reachable":false,"explored":false},"12,15,0":{"isWall":true,"halfWall":0,"isLinear":false,"virtualWall":false,"reachable":false,"explored":false},"18,9,0":{"isWall":true,"halfWall":0,"isLinear":false,"virtualWall":false,"reachable":false,"explored":false},"18,11,0":{"isWall":true,"halfWall":0,"isLinear":false,"virtualWall":false,"reachable":false,"explored":false},"19,12,0":{"isWall":true,"halfWall":0,"isLinear":false,"virtualWall":false,"reachable":false,"explored":false},"20,11,0":{"isWall":false,"halfWall":0,"isLinear":false,"virtualWall":false,"reachable":false,"explored":false},"7,12,0":{"virtualWall":true,"isLinear":false,"reachable":false,"explored":false},"8,13,0":{"virtualWall":true,"isLinear":false,"reachable":false,"explored":false},"6,13,0":{"virtualWall":true,"isLinear":false,"reachable":false,"explored":false},"7,14,0":{"virtualWall":true,"isLinear":false,"reachable":false,"explored":false},"21,14,0":{"virtualWall":true,"isLinear":false,"reachable":false,"explored":false},"22,15,0":{"virtualWall":true,"isLinear":false,"reachable":false,"explored":false},"20,15,0":{"virtualWall":true,"isLinear":false,"reachable":false,"explored":false},"21,16,0":{"virtualWall":true,"isLinear":false,"reachable":false,"explored":false},"19,4,0":{"isWall":true,"halfWall":0,"isLinear":true,"virtualWall":false,"reachable":false,"explored":false},"20,3,0":{"isWall":true,"halfWall":0,"isLinear":true,"virtualWall":false,"reachable":false,"explored":false},"21,2,0":{"isWall":true,"halfWall":0,"isLinear":true,"virtualWall":false,"reachable":false,"explored":false},"7,4,0":{"isWall":false,"halfWall":1,"isLinear":false,"virtualWall":false,"reachable":false,"explored":false},"6,5,0":{"isWall":true,"halfWall":0,"isLinear":false,"virtualWall":false,"reachable":false,"explored":false},"6,3,0":{"isWall":true,"halfWall":0,"isLinear":false,"virtualWall":false,"reachable":false,"explored":false},"5,2,0":{"isWall":true,"halfWall":0,"isLinear":false,"virtualWall":false,"reachable":false,"explored":false},"4,1,0":{"isWall":false,"halfWall":0,"isLinear":false,"virtualWall":false,"reachable":false,"explored":false},"12,9,0":{"isWall":true,"halfWall":0,"isLinear":false,"virtualWall":false,"reachable":false,"explored":false},"5,20,0":{"isWall":false,"halfWall":1,"isLinear":false,"virtualWall":false,"reachable":false,"explored":false},"5,18,0":{"isWall":false,"halfWall":1,"isLinear":false,"virtualWall":false,"reachable":false,"explored":false},"2,17,0":{"isWall":true,"halfWall":0,"isLinear":false,"virtualWall":false,"reachable":false,"explored":false},"3,18,0":{"isWall":false,"halfWall":1,"isLinear":false,"virtualWall":false,"reachable":false,"explored":false},"22,11,0":{"isWall":true,"halfWall":0,"isLinear":true,"virtualWall":false,"reachable":false,"explored":false},"22,1,0":{"virtualWall":true,"isLinear":true,"reachable":false,"explored":false},"23,2,0":{"virtualWall":true,"isLinear":true,"reachable":false,"explored":false}},"roomTiles":[["5,3,0","7,3,0","9,3,0","9,5,0","7,5,0","5,5,0","5,7,0","3,7,0","7,7,0","5,9,0","7,9,0","9,9,0","9,7,0","11,7,0","11,9,0","11,5,0","11,3,0","11,1,0"],["1,15,0","3,15,0","5,15,0","7,15,0","9,15,0","9,17,0","7,17,0","5,17,0","3,17,0","1,17,0","1,19,0","3,19,0","5,19,0","7,19,0","9,19,0","9,21,0","7,21,0","5,21,0","1,21,0","3,21,0"],["13,15,0","15,15,0","15,13,0","17,13,0","17,15,0","19,15,0","19,13,0","21,13,0","21,11,0","23,11,0","23,13,0","23,15,0","23,17,0","21,17,0","17,17,0","15,17,0","13,17,0","17,19,0","19,19,0","21,19,0","21,21,0","19,21,0","17,21,0","17,23,0","19,23,0","21,23,0","19,17,0"]],"time":480,"area4Room":{"value":"None","type":0,"$$hashKey":"object:3"},"room4VicTypes":[]}