{"name":"Talos-8","length":12,"height":1,"width":12,"finished":true,"startTile":{"x":1,"y":23,"z":0},"cells":{"17,0,0":{"isWall":false,"halfWall":0,"isLinear":false,"virtualWall":false,"reachable":false,"explored":false},"16,1,0":{"isWall":true,"halfWall":0,"isLinear":true,"virtualWall":false,"reachable":false,"explored":false},"16,3,0":{"isWall":true,"halfWall":0,"isLinear":true,"virtualWall":false,"reachable":false,"explored":false},"17,4,0":{"isWall":true,"halfWall":0,"isLinear":true,"virtualWall":false,"reachable":false,"explored":false},"19,4,0":{"isWall":true,"halfWall":0,"isLinear":true,"virtualWall":false,"reachable":false,"explored":false},"21,4,0":{"isWall":true,"halfWall":0,"isLinear":true,"virtualWall":false,"reachable":false,"explored":false},"22,5,0":{"isWall":true,"halfWall":0,"isLinear":true,"virtualWall":false,"reachable":false,"explored":false},"15,0,0":{"isWall":true,"halfWall":0,"isLinear":true,"virtualWall":false,"reachable":false,"explored":false},"13,0,0":{"isWall":true,"halfWall":0,"isLinear":true,"virtualWall":false,"reachable":false,"explored":false},"11,0,0":{"isWall":true,"halfWall":0,"isLinear":true,"virtualWall":false,"reachable":false,"explored":false},"9,0,0":{"isWall":true,"halfWall":0,"isLinear":true,"virtualWall":false,"reachable":false,"explored":false},"7,0,0":{"isWall":true,"halfWall":0,"isLinear":true,"virtualWall":false,"reachable":false,"explored":false},"5,0,0":{"isWall":true,"halfWall":0,"isLinear":true,"virtualWall":false,"reachable":false,"explored":false},"3,0,0":{"isWall":true,"halfWall":0,"isLinear":true,"virtualWall":false,"reachable":false,"explored":false},"1,0,0":{"isWall":true,"halfWall":0,"isLinear":true,"virtualWall":false,"reachable":false,"explored":false},"0,1,0":{"isWall":true,"halfWall":0,"isLinear":true,"virtualWall":false,"reachable":false,"explored":false},"0,3,0":{"isWall":true,"halfWall":0,"isLinear":true,"virtualWall":false,"reachable":false,"explored":false},"1,4,0":{"isWall":true,"halfWall":0,"isLinear":true,"virtualWall":false,"reachable":false,"explored":false},"3,4,0":{"isWall":true,"halfWall":0,"isLinear":true,"virtualWall":false,"reachable":false,"explored":false},"4,5,0":{"isWall":true,"halfWall":0,"isLinear":true,"virtualWall":false,"reachable":false,"explored":false},"3,6,0":{"isWall":true,"halfWall":0,"isLinear":true,"virtualWall":false,"reachable":false,"explored":false},"1,6,0":{"isWall":true,"halfWall":0,"isLinear":true,"virtualWall":false,"reachable":false,"explored":false},"0,7,0":{"isWall":true,"halfWall":0,"isLinear":true,"virtualWall":false,"reachable":false,"explored":false},"0,9,0":{"isWall":true,"halfWall":0,"isLinear":true,"virtualWall":false,"reachable":false,"explored":false},"0,11,0":{"isWall":true,"halfWall":0,"isLinear":true,"virtualWall":false,"reachable":false,"explored":false},"0,13,0":{"isWall":true,"halfWall":0,"isLinear":true,"virtualWall":false,"reachable":false,"explored":false},"1,14,0":{"isWall":true,"halfWall":0,"isLinear":true,"virtualWall":false,"reachable":false,"explored":false},"2,15,0":{"isWall":true,"halfWall":0,"isLinear":true,"virtualWall":false,"reachable":false,"explored":false},"2,17,0":{"isWall":true,"halfWall":0,"isLinear":true,"virtualWall":false,"reachable":false,"explored":false},"3,18,0":{"isWall":true,"halfWall":0,"isLinear":true,"virtualWall":false,"reachable":false,"explored":false},"4,19,0":{"isWall":true,"halfWall":0,"isLinear":true,"virtualWall":false,"reachable":false,"explored":false},"3,20,0":{"isWall":true,"halfWall":0,"isLinear":true,"virtualWall":false,"reachable":false,"explored":false},"1,20,0":{"isWall":true,"halfWall":0,"isLinear":true,"virtualWall":false,"reachable":false,"explored":false},"0,21,0":{"isWall":true,"halfWall":0,"isLinear":true,"virtualWall":false,"reachable":false,"explored":false},"0,23,0":{"isWall":true,"halfWall":0,"isLinear":true,"virtualWall":true,"reachable":false,"explored":false},"1,24,0":{"isWall":true,"halfWall":0,"isLinear":true,"virtualWall":true,"reachable":false,"explored":false},"3,24,0":{"isWall":true,"halfWall":0,"isLinear":true,"virtualWall":false,"reachable":false,"explored":false},"5,24,0":{"isWall":true,"halfWall":0,"isLinear":true,"virtualWall":false,"reachable":false,"explored":false},"7,24,0":{"isWall":true,"halfWall":0,"isLinear":true,"virtualWall":false,"reachable":false,"explored":false},"9,24,0":{"isWall":true,"halfWall":0,"isLinear":true,"virtualWall":false,"reachable":false,"explored":false},"11,24,0":{"isWall":true,"halfWall":0,"isLinear":true,"virtualWall":false,"reachable":false,"explored":false},"13,24,0":{"isWall":true,"halfWall":0,"isLinear":true,"virtualWall":false,"reachable":false,"explored":false},"15,24,0":{"isWall":true,"halfWall":0,"isLinear":true,"virtualWall":false,"reachable":false,"explored":false},"17,24,0":{"isWall":true,"halfWall":0,"isLinear":true,"virtualWall":false,"reachable":false,"explored":false},"19,24,0":{"isWall":true,"halfWall":0,"isLinear":true,"virtualWall":false,"reachable":false,"explored":false},"21,24,0":{"isWall":true,"halfWall":0,"isLinear":true,"virtualWall":false,"reachable":false,"explored":false},"23,24,0":{"isWall":true,"halfWall":0,"isLinear":true,"virtualWall":false,"reachable":false,"explored":false},"24,23,0":{"isWall":true,"halfWall":0,"isLinear":true,"virtualWall":false,"reachable":false,"explored":false},"24,21,0":{"isWall":true,"halfWall":0,"isLinear":true,"virtualWall":false,"reachable":false,"explored":false},"23,20,0":{"isWall":true,"halfWall":0,"isLinear":true,"virtualWall":false,"reachable":false,"explored":false},"21,20,0":{"isWall":true,"halfWall":0,"isLinear":true,"virtualWall":false,"reachable":false,"explored":false},"20,19,0":{"isWall":true,"halfWall":0,"isLinear":true,"virtualWall":false,"reachable":false,"explored":false},"21,18,0":{"isWall":true,"halfWall":0,"isLinear":true,"virtualWall":false,"reachable":false,"explored":false},"23,18,0":{"isWall":true,"halfWall":0,"isLinear":true,"virtualWall":false,"reachable":false,"explored":false},"24,17,0":{"isWall":true,"halfWall":0,"isLinear":true,"virtualWall":false,"reachable":false,"explored":false},"24,15,0":{"isWall":true,"halfWall":0,"isLinear":true,"virtualWall":false,"reachable":false,"explored":false},"24,13,0":{"isWall":true,"halfWall":0,"isLinear":true,"virtualWall":false,"reachable":false,"explored":false},"24,11,0":{"isWall":true,"halfWall":0,"isLinear":true,"virtualWall":false,"reachable":false,"explored":false},"24,9,0":{"isWall":true,"halfWall":0,"isLinear":true,"virtualWall":false,"reachable":false,"explored":false},"24,7,0":{"isWall":true,"halfWall":0,"isLinear":true,"virtualWall":false,"reachable":false,"explored":false},"23,6,0":{"isWall":true,"halfWall":0,"isLinear":true,"virtualWall":false,"reachable":false,"explored":false},"1,23,0":{"isTile":true,"tile":{"changeFloorTo":0,"halfTile":0,"curve":[0,0,0,0],"halfWallIn":[0,0,0,0],"halfWallVic":[],"checkpoint":false},"isLinear":true,"virtualWall":false,"reachable":true,"explored":false},"1,21,0":{"isTile":true,"isLinear":true,"tile":{"changeFloorTo":0,"curve":[0,0,0,0],"halfWallIn":[0,0,0,0],"halfWallVic":[],"victims":{"left":"S"}},"reachable":true,"virtualWall":false,"explored":false},"1,25,0":{"isTile":true,"isLinear":true,"tile":{"changeFloorTo":0,"curve":[0,0,0,0],"halfWallIn":[0,0,0,0],"halfWallVic":[]},"virtualWall":false,"reachable":false,"explored":false},"1,19,0":{"isTile":true,"isLinear":true,"tile":{"changeFloorTo":0,"curve":[0,0,0,0],"halfWallIn":[0,0,0,0],"halfWallVic":[]},"virtualWall":false,"reachable":false,"explored":false},"3,19,0":{"isTile":true,"isLinear":true,"tile":{"changeFloorTo":0,"curve":[0,0,0,0],"halfWallIn":[0,0,0,0],"halfWallVic":[]},"virtualWall":false,"reachable":false,"explored":false},"3,21,0":{"isTile":true,"isLinear":true,"tile":{"changeFloorTo":0,"curve":[0,0,0,0],"halfWallIn":[0,0,0,0],"halfWallVic":[]},"reachable":true,"virtualWall":false,"explored":false},"5,19,0":{"isTile":true,"isLinear":true,"tile":{"changeFloorTo":0,"curve":[0,0,0,0],"halfWallIn":[0,0,0,0],"halfWallVic":[],"checkpoint":true},"reachable":true,"virtualWall":false,"explored":false},"5,21,0":{"isTile":true,"isLinear":true,"tile":{"changeFloorTo":0,"curve":[0,0,0,0],"halfWallIn":[0,0,0,0],"halfWallVic":[]},"reachable":true,"virtualWall":false,"explored":false},"3,17,0":{"isTile":true,"isLinear":true,"tile":{"changeFloorTo":0,"curve":[0,0,0,0],"halfWallIn":[0,0,0,0],"halfWallVic":[]},"reachable":true,"virtualWall":false,"explored":false},"5,17,0":{"isTile":true,"isLinear":true,"tile":{"changeFloorTo":0,"curve":[0,0,0,0],"halfWallIn":[0,0,0,0],"halfWallVic":[]},"reachable":true,"virtualWall":false,"explored":false},"1,17,0":{"isTile":true,"isLinear":true,"tile":{"changeFloorTo":0,"curve":[0,0,0,0],"halfWallIn":[0,0,0,0],"halfWallVic":[]},"virtualWall":false,"reachable":false,"explored":false},"1,15,0":{"isTile":true,"isLinear":true,"tile":{"changeFloorTo":0,"curve":[0,0,0,0],"halfWallIn":[0,0,0,0],"halfWallVic":[]},"virtualWall":false,"reachable":false,"explored":false},"3,15,0":{"isTile":true,"isLinear":true,"tile":{"changeFloorTo":0,"curve":[0,0,0,0],"halfWallIn":[0,0,0,0],"halfWallVic":[],"color":"#08D508"},"reachable":true,"virtualWall":false,"explored":false},"1,13,0":{"isTile":true,"isLinear":true,"tile":{"changeFloorTo":0,"curve":[0,0,0,0],"halfWallIn":[0,0,0,0],"halfWallVic":[]},"reachable":true,"virtualWall":false,"explored":false},"3,13,0":{"isTile":true,"isLinear":true,"tile":{"changeFloorTo":0,"curve":[0,0,0,0],"halfWallIn":[0,0,0,0],"halfWallVic":[],"swamp":false},"reachable":true,"virtualWall":false,"explored":false},"1,11,0":{"isTile":true,"isLinear":true,"tile":{"changeFloorTo":0,"curve":[0,0,0,0],"halfWallIn":[0,0,0,0],"halfWallVic":[]},"reachable":true,"virtualWall":false,"explored":false},"1,9,0":{"isTile":true,"isLinear":true,"tile":{"changeFloorTo":0,"curve":[0,0,0,0],"halfWallIn":[0,0,0,0],"halfWallVic":[]},"reachable":true,"virtualWall":false,"explored":false},"1,7,0":{"isTile":true,"isLinear":true,"tile":{"changeFloorTo":0,"curve":[0,0,0,0],"halfWallIn":[0,0,0,0],"halfWallVic":[],"victims":{"left":"S"}},"reachable":true,"virtualWall":false,"explored":false},"1,5,0":{"isTile":true,"isLinear":true,"tile":{"changeFloorTo":0,"curve":[0,0,0,0],"halfWallIn":[0,0,0,0],"halfWallVic":[]},"virtualWall":false,"reachable":false,"explored":false},"3,5,0":{"isTile":true,"isLinear":true,"tile":{"changeFloorTo":0,"curve":[0,0,0,0],"halfWallIn":[0,0,0,0],"halfWallVic":[]},"virtualWall":false,"reachable":false,"explored":false},"3,7,0":{"isTile":true,"isLinear":true,"tile":{"changeFloorTo":0,"curve":[0,0,0,0],"halfWallIn":[0,0,0,0],"halfWallVic":[]},"reachable":true,"virtualWall":false,"explored":false},"5,5,0":{"isTile":true,"isLinear":true,"tile":{"changeFloorTo":0,"curve":[0,0,0,0],"halfWallIn":[0,0,0,0],"halfWallVic":[]},"reachable":true,"virtualWall":false,"explored":false},"5,7,0":{"isTile":true,"isLinear":true,"tile":{"changeFloorTo":0,"curve":[0,0,0,0],"halfWallIn":[0,0,0,0],"halfWallVic":[]},"reachable":true,"virtualWall":false,"explored":false},"3,3,0":{"isTile":true,"isLinear":true,"tile":{"changeFloorTo":0,"curve":[0,0,0,0],"halfWallIn":[0,0,0,0],"halfWallVic":[]},"reachable":true,"virtualWall":false,"explored":false},"5,3,0":{"isTile":true,"isLinear":true,"tile":{"changeFloorTo":0,"curve":[0,0,0,0],"halfWallIn":[0,0,0,0],"halfWallVic":[]},"reachable":true,"virtualWall":false,"explored":false},"1,3,0":{"isTile":true,"isLinear":true,"tile":{"changeFloorTo":0,"curve":[0,0,0,0],"halfWallIn":[0,0,0,0],"halfWallVic":[],"victims":{"left":"F"}},"reachable":true,"virtualWall":false,"explored":false},"1,1,0":{"isTile":true,"isLinear":true,"tile":{"changeFloorTo":0,"curve":[0,0,0,0],"halfWallIn":[0,0,0,0],"halfWallVic":[],"victims":{"left":"U"}},"reachable":true,"virtualWall":false,"explored":false},"3,1,0":{"isTile":true,"isLinear":true,"tile":{"changeFloorTo":0,"curve":[0,0,0,0],"halfWallIn":[0,0,0,0],"halfWallVic":[]},"reachable":true,"virtualWall":false,"explored":false},"5,1,0":{"isTile":true,"isLinear":true,"tile":{"changeFloorTo":0,"curve":[0,0,0,0],"halfWallIn":[0,0,0,0],"halfWallVic":[]},"reachable":true,"virtualWall":false,"explored":false},"7,1,0":{"isTile":true,"isLinear":true,"tile":{"changeFloorTo":0,"curve":[0,0,0,0],"halfWallIn":[0,0,0,0],"halfWallVic":[]},"reachable":true,"virtualWall":false,"explored":false},"9,1,0":{"isTile":true,"isLinear":true,"tile":{"changeFloorTo":0,"curve":[0,0,0,0],"halfWallIn":[0,0,0,0],"halfWallVic":[]},"reachable":true,"virtualWall":false,"explored":false},"11,1,0":{"isTile":true,"isLinear":true,"tile":{"changeFloorTo":0,"curve":[0,0,0,0],"halfWallIn":[0,0,0,0],"halfWallVic":[]},"reachable":true,"virtualWall":false,"explored":false},"13,1,0":{"isTile":true,"isLinear":true,"tile":{"changeFloorTo":0,"curve":[0,0,0,0],"halfWallIn":[0,0,0,0],"halfWallVic":[],"swamp":true},"reachable":true,"virtualWall":false,"explored":false},"15,1,0":{"isTile":true,"isLinear":true,"tile":{"changeFloorTo":0,"curve":[0,0,0,0],"halfWallIn":[0,0,0,0],"halfWallVic":[],"victims":{"top":"S"}},"reachable":true,"virtualWall":false,"explored":false},"17,1,0":{"isTile":true,"isLinear":true,"tile":{"changeFloorTo":0,"curve":[0,0,0,0],"halfWallIn":[0,0,0,0],"halfWallVic":[]},"virtualWall":false,"reachable":false,"explored":false},"15,3,0":{"isTile":true,"isLinear":true,"tile":{"changeFloorTo":0,"curve":[0,0,0,0],"halfWallIn":[0,0,0,0],"halfWallVic":[]},"reachable":true,"virtualWall":false,"explored":false},"17,3,0":{"isTile":true,"isLinear":true,"tile":{"changeFloorTo":0,"curve":[0,0,0,0],"halfWallIn":[0,0,0,0],"halfWallVic":[]},"virtualWall":false,"reachable":false,"explored":false},"15,5,0":{"isTile":true,"isLinear":true,"tile":{"changeFloorTo":0,"curve":[0,0,0,0],"halfWallIn":[0,0,0,0],"halfWallVic":[],"halfTile":1},"reachable":true,"virtualWall":false,"explored":false},"17,5,0":{"isTile":true,"isLinear":true,"tile":{"changeFloorTo":0,"curve":[0,0,0,0],"halfWallIn":[0,0,0,0],"halfWallVic":[],"halfTile":1,"victims":{"top":"F"}},"reachable":true,"virtualWall":false,"explored":false},"19,3,0":{"isTile":true,"isLinear":true,"tile":{"changeFloorTo":0,"curve":[0,0,0,0],"halfWallIn":[0,0,0,0],"halfWallVic":[]},"virtualWall":false,"reachable":false,"explored":false},"19,5,0":{"isTile":true,"isLinear":true,"tile":{"changeFloorTo":0,"curve":[0,0,0,0],"halfWallIn":[0,0,0,0],"halfWallVic":[],"halfTile":1},"reachable":true,"virtualWall":false,"explored":false},"21,3,0":{"isTile":true,"isLinear":true,"tile":{"changeFloorTo":0,"curve":[0,0,0,0],"halfWallIn":[0,0,0,0],"halfWallVic":[]},"virtualWall":false,"reachable":false,"explored":false},"21,5,0":{"isTile":true,"isLinear":true,"tile":{"changeFloorTo":0,"curve":[0,0,0,0],"halfWallIn":[0,0,0,0],"halfWallVic":[],"halfTile":1,"obstacle":true},"reachable":true,"virtualWall":false,"explored":false},"23,3,0":{"isTile":true,"isLinear":true,"tile":{"changeFloorTo":0,"curve":[0,0,0,0],"halfWallIn":[0,0,0,0],"halfWallVic":[]},"virtualWall":false,"reachable":false,"explored":false},"23,5,0":{"isTile":true,"isLinear":true,"tile":{"changeFloorTo":0,"curve":[0,0,0,0],"halfWallIn":[0,0,0,0],"halfWallVic":[]},"virtualWall":false,"reachable":false,"explored":false},"21,7,0":{"isTile":true,"isLinear":true,"tile":{"changeFloorTo":0,"curve":[0,0,0,0],"halfWallIn":[0,0,0,0],"halfWallVic":[],"halfTile":1},"reachable":true,"virtualWall":false,"explored":false},"23,7,0":{"isTile":true,"isLinear":true,"tile":{"changeFloorTo":0,"curve":[0,0,0,0],"halfWallIn":[0,0,0,0],"halfWallVic":[],"halfTile":1,"swamp":true},"reachable":true,"virtualWall":false,"explored":false},"25,5,0":{"isTile":true,"isLinear":true,"tile":{"changeFloorTo":0,"curve":[0,0,0,0],"halfWallIn":[0,0,0,0],"halfWallVic":[]},"virtualWall":false,"reachable":false,"explored":false},"25,7,0":{"isTile":true,"isLinear":true,"tile":{"changeFloorTo":0,"curve":[0,0,0,0],"halfWallIn":[0,0,0,0],"halfWallVic":[]},"virtualWall":false,"reachable":false,"explored":false},"23,9,0":{"isTile":true,"isLinear":true,"tile":{"changeFloorTo":0,"curve":[0,0,0,0],"halfWallIn":[0,0,0,0],"halfWallVic":[],"checkpoint":true},"reachable":true,"virtualWall":false,"explored":false},"25,9,0":{"isTile":true,"isLinear":true,"tile":{"changeFloorTo":0,"curve":[0,0,0,0],"halfWallIn":[0,0,0,0],"halfWallVic":[]},"virtualWall":false,"reachable":false,"explored":false},"23,11,0":{"isTile":true,"isLinear":true,"tile":{"changeFloorTo":0,"curve":[0,0,0,0],"halfWallIn":[0,0,0,0],"halfWallVic":[],"halfTile":1,"victims":{"right":"F"}},"reachable":true,"virtualWall":false,"explored":false},"25,11,0":{"isTile":true,"isLinear":true,"tile":{"changeFloorTo":0,"curve":[0,0,0,0],"halfWallIn":[0,0,0,0],"halfWallVic":[]},"virtualWall":false,"reachable":false,"explored":false},"23,13,0":{"isTile":true,"isLinear":true,"tile":{"changeFloorTo":0,"curve":[0,0,0,0],"halfWallIn":[0,0,0,0],"halfWallVic":[],"halfTile":1},"reachable":true,"virtualWall":false,"explored":false},"25,13,0":{"isTile":true,"isLinear":true,"tile":{"changeFloorTo":0,"curve":[0,0,0,0],"halfWallIn":[0,0,0,0],"halfWallVic":[]},"virtualWall":false,"reachable":false,"explored":false},"23,15,0":{"isTile":true,"isLinear":true,"tile":{"changeFloorTo":0,"curve":[0,0,0,0],"halfWallIn":[0,0,0,0],"halfWallVic":[],"halfTile":1},"reachable":true,"virtualWall":false,"explored":false},"25,15,0":{"isTile":true,"isLinear":true,"tile":{"changeFloorTo":0,"curve":[0,0,0,0],"halfWallIn":[0,0,0,0],"halfWallVic":[]},"virtualWall":false,"reachable":false,"explored":false},"23,17,0":{"isTile":true,"isLinear":true,"tile":{"changeFloorTo":0,"curve":[0,0,0,0],"halfWallIn":[0,0,0,0],"halfWallVic":[],"halfTile":1},"reachable":true,"virtualWall":false,"explored":false},"25,17,0":{"isTile":true,"isLinear":true,"tile":{"changeFloorTo":0,"curve":[0,0,0,0],"halfWallIn":[0,0,0,0],"halfWallVic":[]},"virtualWall":false,"reachable":false,"explored":false},"23,19,0":{"isTile":true,"isLinear":true,"tile":{"changeFloorTo":0,"curve":[0,0,0,0],"halfWallIn":[0,0,0,0],"halfWallVic":[]},"virtualWall":false,"reachable":false,"explored":false},"25,19,0":{"isTile":true,"isLinear":true,"tile":{"changeFloorTo":0,"curve":[0,0,0,0],"halfWallIn":[0,0,0,0],"halfWallVic":[]},"virtualWall":false,"reachable":false,"explored":false},"21,17,0":{"isTile":true,"isLinear":true,"tile":{"changeFloorTo":0,"curve":[0,0,0,0],"halfWallIn":[0,0,0,0],"halfWallVic":[],"halfTile":1},"reachable":true,"virtualWall":false,"explored":false},"21,19,0":{"isTile":true,"isLinear":true,"tile":{"changeFloorTo":0,"curve":[0,0,0,0],"halfWallIn":[0,0,0,0],"halfWallVic":[]},"virtualWall":false,"reachable":false,"explored":false},"19,17,0":{"isTile":true,"isLinear":true,"tile":{"changeFloorTo":0,"curve":[0,0,0,0],"halfWallIn":[0,0,0,0],"halfWallVic":[],"color":"#4d1a99"},"reachable":true,"virtualWall":false,"explored":false},"19,19,0":{"isTile":true,"isLinear":true,"tile":{"changeFloorTo":0,"curve":[0,0,0,0],"halfWallIn":[0,0,0,0],"halfWallVic":[],"halfTile":1},"reachable":true,"virtualWall":false,"explored":false},"19,21,0":{"isTile":true,"isLinear":true,"tile":{"changeFloorTo":0,"curve":[0,0,0,0],"halfWallIn":[0,0,0,0],"halfWallVic":[],"halfTile":1},"reachable":true,"virtualWall":false,"explored":false},"21,21,0":{"isTile":true,"isLinear":true,"tile":{"changeFloorTo":0,"curve":[0,0,0,0],"halfWallIn":[0,0,0,0],"halfWallVic":[],"halfTile":1},"reachable":true,"virtualWall":false,"explored":false},"23,21,0":{"isTile":true,"isLinear":true,"tile":{"changeFloorTo":0,"curve":[0,0,0,0],"halfWallIn":[0,0,0,0],"halfWallVic":[],"checkpoint":true},"reachable":true,"virtualWall":false,"explored":false},"25,21,0":{"isTile":true,"isLinear":true,"tile":{"changeFloorTo":0,"curve":[0,0,0,0],"halfWallIn":[0,0,0,0],"halfWallVic":[]},"virtualWall":false,"reachable":false,"explored":false},"23,23,0":{"isTile":true,"isLinear":true,"tile":{"changeFloorTo":0,"curve":[0,0,0,0],"halfWallIn":[0,0,0,0],"halfWallVic":[],"halfTile":1},"reachable":true,"virtualWall":false,"explored":false},"25,23,0":{"isTile":true,"isLinear":true,"tile":{"changeFloorTo":0,"curve":[0,0,0,0],"halfWallIn":[0,0,0,0],"halfWallVic":[]},"virtualWall":false,"reachable":false,"explored":false},"23,25,0":{"isTile":true,"isLinear":true,"tile":{"changeFloorTo":0,"curve":[0,0,0,0],"halfWallIn":[0,0,0,0],"halfWallVic":[]},"virtualWall":false,"reachable":false,"explored":false},"25,25,0":{"isTile":true,"isLinear":true,"tile":{"changeFloorTo":0,"curve":[0,0,0,0],"halfWallIn":[0,0,0,0],"halfWallVic":[]},"virtualWall":false,"reachable":false,"explored":false},"21,23,0":{"isTile":true,"isLinear":true,"tile":{"changeFloorTo":0,"curve":[0,0,0,0],"halfWallIn":[0,0,0,0],"halfWallVic":[],"halfTile":1},"reachable":true,"virtualWall":false,"explored":false},"21,25,0":{"isTile":true,"isLinear":true,"tile":{"changeFloorTo":0,"curve":[0,0,0,0],"halfWallIn":[0,0,0,0],"halfWallVic":[]},"virtualWall":false,"reachable":false,"explored":false},"19,23,0":{"isTile":true,"isLinear":true,"tile":{"changeFloorTo":0,"curve":[0,0,0,0],"halfWallIn":[0,0,0,0],"halfWallVic":[],"halfTile":1},"reachable":true,"virtualWall":false,"explored":false},"19,25,0":{"isTile":true,"isLinear":true,"tile":{"changeFloorTo":0,"curve":[0,0,0,0],"halfWallIn":[0,0,0,0],"halfWallVic":[]},"virtualWall":false,"reachable":false,"explored":false},"17,23,0":{"isTile":true,"isLinear":true,"tile":{"changeFloorTo":0,"curve":[0,0,0,0],"halfWallIn":[0,0,0,0],"halfWallVic":[],"halfTile":1},"reachable":true,"virtualWall":false,"explored":false},"17,25,0":{"isTile":true,"isLinear":true,"tile":{"changeFloorTo":0,"curve":[0,0,0,0],"halfWallIn":[0,0,0,0],"halfWallVic":[]},"virtualWall":false,"reachable":false,"explored":false},"15,23,0":{"isTile":true,"isLinear":true,"tile":{"changeFloorTo":0,"curve":[0,0,0,0],"halfWallIn":[0,0,0,0],"halfWallVic":[],"halfTile":1},"reachable":true,"virtualWall":false,"explored":false},"15,25,0":{"isTile":true,"isLinear":true,"tile":{"changeFloorTo":0,"curve":[0,0,0,0],"halfWallIn":[0,0,0,0],"halfWallVic":[]},"virtualWall":false,"reachable":false,"explored":false},"13,23,0":{"isTile":true,"isLinear":true,"tile":{"changeFloorTo":0,"curve":[0,0,0,0],"halfWallIn":[0,0,0,0],"halfWallVic":[],"halfTile":1},"reachable":true,"virtualWall":false,"explored":false},"13,25,0":{"isTile":true,"isLinear":true,"tile":{"changeFloorTo":0,"curve":[0,0,0,0],"halfWallIn":[0,0,0,0],"halfWallVic":[]},"virtualWall":false,"reachable":false,"explored":false},"11,23,0":{"isTile":true,"isLinear":true,"tile":{"changeFloorTo":0,"curve":[0,0,0,0],"halfWallIn":[0,0,0,0],"halfWallVic":[],"color":"#1a1ae6"},"reachable":true,"virtualWall":false,"explored":false},"11,25,0":{"isTile":true,"isLinear":true,"tile":{"changeFloorTo":0,"curve":[0,0,0,0],"halfWallIn":[0,0,0,0],"halfWallVic":[]},"virtualWall":false,"reachable":false,"explored":false},"9,23,0":{"isTile":true,"isLinear":true,"tile":{"changeFloorTo":0,"curve":[0,0,0,0],"halfWallIn":[0,0,0,0],"halfWallVic":[]},"reachable":true,"virtualWall":false,"explored":false},"9,25,0":{"isTile":true,"isLinear":true,"tile":{"changeFloorTo":0,"curve":[0,0,0,0],"halfWallIn":[0,0,0,0],"halfWallVic":[]},"virtualWall":false,"reachable":false,"explored":false},"7,23,0":{"isTile":true,"isLinear":true,"tile":{"changeFloorTo":0,"curve":[0,0,0,0],"halfWallIn":[0,0,0,0],"halfWallVic":[],"obstacle":false},"reachable":true,"virtualWall":false,"explored":false},"7,25,0":{"isTile":true,"isLinear":true,"tile":{"changeFloorTo":0,"curve":[0,0,0,0],"halfWallIn":[0,0,0,0],"halfWallVic":[]},"virtualWall":false,"reachable":false,"explored":false},"5,23,0":{"isTile":true,"isLinear":true,"tile":{"changeFloorTo":0,"curve":[0,0,0,0],"halfWallIn":[0,0,0,0],"halfWallVic":[]},"reachable":true,"virtualWall":false,"explored":false},"5,25,0":{"isTile":true,"isLinear":true,"tile":{"changeFloorTo":0,"curve":[0,0,0,0],"halfWallIn":[0,0,0,0],"halfWallVic":[]},"virtualWall":false,"reachable":false,"explored":false},"3,23,0":{"isTile":true,"isLinear":true,"tile":{"changeFloorTo":0,"curve":[0,0,0,0],"halfWallIn":[0,0,0,0],"halfWallVic":[]},"reachable":true,"virtualWall":false,"explored":false},"3,25,0":{"isTile":true,"isLinear":true,"tile":{"changeFloorTo":0,"curve":[0,0,0,0],"halfWallIn":[0,0,0,0],"halfWallVic":[]},"virtualWall":false,"reachable":false,"explored":false},"5,15,0":{"isTile":true,"tile":{"changeFloorTo":0,"halfWallIn":[0,0,0,0],"curve":[0,0,0,0],"halfWallVic":[]},"reachable":true,"isLinear":false,"virtualWall":false,"explored":false},"5,13,0":{"isTile":true,"tile":{"changeFloorTo":0,"halfWallIn":[0,0,0,0],"curve":[0,0,0,0],"halfWallVic":[]},"reachable":true,"isLinear":false,"virtualWall":false,"explored":false},"5,11,0":{"isTile":true,"tile":{"changeFloorTo":0,"halfWallIn":[0,0,0,0],"curve":[0,0,0,0],"halfWallVic":[]},"reachable":true,"isLinear":true,"virtualWall":false,"explored":false},"5,9,0":{"isTile":true,"tile":{"changeFloorTo":0,"halfWallIn":[0,0,0,0],"curve":[0,0,0,0],"halfWallVic":[]},"reachable":true,"isLinear":true,"virtualWall":false,"explored":false},"7,3,0":{"isTile":true,"tile":{"changeFloorTo":0,"halfWallIn":[0,0,0,0],"curve":[0,0,0,0],"halfWallVic":[]},"reachable":true,"isLinear":true,"virtualWall":false,"explored":false},"7,5,0":{"isTile":true,"tile":{"changeFloorTo":0,"halfWallIn":[0,0,0,0],"curve":[0,0,0,0],"halfWallVic":[],"victims":{"bottom":"C"}},"reachable":true,"isLinear":false,"virtualWall":false,"explored":false},"7,7,0":{"isTile":true,"tile":{"changeFloorTo":0,"halfWallIn":[0,0,0,0],"curve":[0,0,0,0],"halfWallVic":[]},"reachable":true,"isLinear":false,"virtualWall":false,"explored":false},"7,9,0":{"isTile":true,"tile":{"changeFloorTo":0,"halfWallIn":[0,0,0,0],"curve":[0,0,0,0],"halfWallVic":[],"victims":{"left":"S"}},"reachable":true,"isLinear":false,"virtualWall":false,"explored":false},"7,11,0":{"isTile":true,"tile":{"changeFloorTo":0,"halfWallIn":[0,0,0,0],"curve":[0,0,0,0],"halfWallVic":[]},"reachable":true,"isLinear":false,"virtualWall":false,"explored":false},"7,13,0":{"isTile":true,"tile":{"changeFloorTo":0,"halfWallIn":[0,0,0,0],"curve":[0,0,0,0],"halfWallVic":[],"checkpoint":true},"reachable":true,"isLinear":false,"virtualWall":false,"explored":false},"7,15,0":{"isTile":true,"tile":{"changeFloorTo":0,"halfWallIn":[0,0,0,0],"curve":[0,0,0,0],"halfWallVic":[]},"reachable":true,"isLinear":false,"virtualWall":false,"explored":false},"7,17,0":{"isTile":true,"tile":{"changeFloorTo":0,"halfWallIn":[0,0,0,0],"curve":[0,0,0,0],"halfWallVic":[],"victims":{"right":"C"}},"reachable":true,"isLinear":false,"virtualWall":false,"explored":false},"7,19,0":{"isTile":true,"tile":{"changeFloorTo":0,"halfWallIn":[0,0,0,0],"curve":[0,0,0,0],"halfWallVic":[]},"reachable":true,"isLinear":false,"virtualWall":false,"explored":false},"7,21,0":{"isTile":true,"tile":{"changeFloorTo":0,"halfWallIn":[0,0,0,0],"curve":[0,0,0,0],"halfWallVic":[]},"reachable":true,"isLinear":false,"virtualWall":false,"explored":false},"9,21,0":{"isTile":true,"tile":{"changeFloorTo":0,"halfWallIn":[0,0,0,0],"curve":[0,0,0,0],"halfWallVic":[],"victims":{"right":"O"}},"reachable":true,"isLinear":false,"virtualWall":false,"explored":false},"9,19,0":{"isTile":true,"tile":{"changeFloorTo":0,"halfWallIn":[0,0,0,0],"curve":[0,0,0,0],"halfWallVic":[],"victims":{"left":"U"}},"reachable":true,"isLinear":false,"virtualWall":false,"explored":false},"9,17,0":{"isTile":true,"tile":{"changeFloorTo":0,"halfWallIn":[0,0,0,0],"curve":[0,0,0,0],"halfWallVic":[]},"reachable":true,"isLinear":false,"virtualWall":false,"explored":false},"9,15,0":{"isTile":true,"tile":{"changeFloorTo":0,"halfWallIn":[0,0,0,0],"curve":[0,0,0,0],"halfWallVic":[]},"reachable":true,"isLinear":false,"virtualWall":false,"explored":false},"9,13,0":{"isTile":true,"tile":{"changeFloorTo":0,"halfWallIn":[0,0,0,0],"curve":[0,0,0,0],"halfWallVic":[]},"reachable":true,"isLinear":false,"virtualWall":false,"explored":false},"9,11,0":{"isTile":true,"tile":{"changeFloorTo":0,"halfWallIn":[0,0,0,0],"curve":[0,0,0,0],"halfWallVic":[]},"reachable":true,"isLinear":false,"virtualWall":false,"explored":false},"9,9,0":{"isTile":true,"tile":{"changeFloorTo":0,"halfWallIn":[0,0,0,0],"curve":[0,0,0,0],"halfWallVic":[]},"reachable":true,"isLinear":false,"virtualWall":false,"explored":false},"9,7,0":{"isTile":true,"tile":{"changeFloorTo":0,"halfWallIn":[0,0,0,0],"curve":[0,0,0,0],"halfWallVic":[]},"reachable":true,"isLinear":false,"virtualWall":false,"explored":false},"9,5,0":{"isTile":true,"tile":{"changeFloorTo":0,"halfWallIn":[0,0,0,0],"curve":[0,0,0,0],"halfWallVic":[]},"reachable":true,"isLinear":false,"virtualWall":false,"explored":false},"9,3,0":{"isTile":true,"tile":{"changeFloorTo":0,"halfWallIn":[0,0,0,0],"curve":[0,0,0,0],"halfWallVic":[],"checkpoint":false,"black":true},"reachable":true,"isLinear":false,"virtualWall":false,"explored":false},"11,3,0":{"isTile":true,"tile":{"changeFloorTo":0,"halfWallIn":[0,0,0,0],"curve":[0,0,0,0],"halfWallVic":[]},"reachable":true,"isLinear":false,"virtualWall":false,"explored":false},"11,5,0":{"isTile":true,"tile":{"changeFloorTo":0,"halfWallIn":[0,0,0,0],"curve":[0,0,0,0],"halfWallVic":[],"obstacle":true},"reachable":true,"isLinear":false,"virtualWall":false,"explored":false},"11,7,0":{"isTile":true,"tile":{"changeFloorTo":0,"halfWallIn":[0,0,0,0],"curve":[0,0,0,0],"halfWallVic":[],"halfTile":1,"victims":{"left":"S"}},"reachable":true,"isLinear":false,"virtualWall":false,"explored":false},"11,9,0":{"isTile":true,"tile":{"changeFloorTo":0,"halfWallIn":[0,0,0,0],"curve":[0,0,0,0],"halfWallVic":[],"halfTile":1},"reachable":true,"isLinear":false,"virtualWall":false,"explored":false},"11,11,0":{"isTile":true,"tile":{"changeFloorTo":0,"halfWallIn":[0,0,0,0],"curve":[0,0,0,0],"halfWallVic":[],"victims":{"top":"C"}},"reachable":true,"isLinear":false,"virtualWall":false,"explored":false},"11,13,0":{"isTile":true,"tile":{"changeFloorTo":0,"halfWallIn":[0,0,0,0],"curve":[0,0,0,0],"halfWallVic":[]},"reachable":true,"isLinear":false,"virtualWall":false,"explored":false},"11,15,0":{"isTile":true,"tile":{"changeFloorTo":0,"halfWallIn":[0,0,0,0],"curve":[0,0,0,0],"halfWallVic":[],"victims":{"right":"O"}},"reachable":true,"isLinear":false,"virtualWall":false,"explored":false},"11,17,0":{"isTile":true,"tile":{"changeFloorTo":0,"halfWallIn":[0,0,0,0],"curve":[0,0,0,0],"halfWallVic":[]},"reachable":true,"isLinear":false,"virtualWall":false,"explored":false},"11,19,0":{"isTile":true,"tile":{"changeFloorTo":0,"halfWallIn":[0,0,0,0],"curve":[0,0,0,0],"halfWallVic":[]},"reachable":true,"isLinear":false,"virtualWall":false,"explored":false},"11,21,0":{"isTile":true,"tile":{"changeFloorTo":0,"halfWallIn":[0,0,0,0],"curve":[0,0,0,0],"halfWallVic":[],"victims":{"bottom":"H"}},"reachable":true,"isLinear":false,"virtualWall":false,"explored":false},"13,21,0":{"isTile":true,"tile":{"changeFloorTo":0,"halfWallIn":[0,0,0,0],"curve":[0,0,0,0],"halfWallVic":[],"halfTile":1},"reachable":true,"isLinear":false,"virtualWall":false,"explored":false},"13,19,0":{"isTile":true,"tile":{"changeFloorTo":0,"halfWallIn":[0,0,0,0],"curve":[0,0,0,0],"halfWallVic":[],"halfTile":1,"victims":{"left":"O"}},"reachable":true,"isLinear":false,"virtualWall":false,"explored":false},"13,17,0":{"isTile":true,"tile":{"changeFloorTo":0,"halfWallIn":[0,0,0,0],"curve":[0,0,0,0],"halfWallVic":[],"halfTile":1,"victims":{"left":"U"}},"reachable":true,"isLinear":false,"virtualWall":false,"explored":false},"13,15,0":{"isTile":true,"tile":{"changeFloorTo":0,"halfWallIn":[0,0,0,0],"curve":[0,0,0,0],"halfWallVic":[],"halfTile":1},"reachable":true,"isLinear":false,"virtualWall":false,"explored":false},"13,13,0":{"isTile":true,"tile":{"changeFloorTo":0,"halfWallIn":[0,0,0,0],"curve":[0,0,0,0],"halfWallVic":[],"halfTile":1},"reachable":true,"isLinear":true,"virtualWall":false,"explored":false},"13,11,0":{"isTile":true,"tile":{"changeFloorTo":0,"halfWallIn":[0,0,0,0],"curve":[0,0,0,0],"halfWallVic":[],"halfTile":1},"reachable":true,"isLinear":true,"virtualWall":false,"explored":false},"13,9,0":{"isTile":true,"tile":{"changeFloorTo":0,"halfWallIn":[0,0,0,0],"curve":[0,0,0,0],"halfWallVic":[],"halfTile":1},"reachable":true,"isLinear":true,"virtualWall":false,"explored":false},"13,7,0":{"isTile":true,"tile":{"changeFloorTo":0,"halfWallIn":[0,0,0,0],"curve":[0,0,0,0],"halfWallVic":[],"halfTile":1},"reachable":true,"isLinear":true,"virtualWall":false,"explored":false},"13,5,0":{"isTile":true,"tile":{"changeFloorTo":0,"halfWallIn":[0,0,0,0],"curve":[0,0,0,0],"halfWallVic":[],"color":"#e71a1a"},"reachable":true,"isLinear":true,"virtualWall":false,"explored":false},"13,3,0":{"isTile":true,"tile":{"changeFloorTo":0,"halfWallIn":[0,0,0,0],"curve":[0,0,0,0],"halfWallVic":[]},"reachable":true,"isLinear":true,"virtualWall":false,"explored":false},"15,7,0":{"isTile":true,"tile":{"changeFloorTo":0,"halfWallIn":[0,0,0,0],"curve":[0,0,0,0],"halfWallVic":[],"obstacle":false,"halfTile":1},"reachable":true,"isLinear":true,"virtualWall":false,"explored":false},"15,9,0":{"isTile":true,"tile":{"changeFloorTo":0,"halfWallIn":[0,0,0,0],"curve":[0,0,0,0],"halfWallVic":[],"halfTile":1,"victims":{"top":"C"}},"reachable":true,"isLinear":true,"virtualWall":false,"explored":false},"15,11,0":{"isTile":true,"tile":{"changeFloorTo":0,"halfWallIn":[0,0,0,0],"curve":[0,0,0,0],"halfWallVic":[],"halfTile":1},"reachable":true,"isLinear":true,"virtualWall":false,"explored":false},"15,13,0":{"isTile":true,"tile":{"changeFloorTo":0,"halfWallIn":[0,0,0,0],"curve":[0,0,0,0],"halfWallVic":[],"halfTile":1},"reachable":true,"isLinear":true,"virtualWall":false,"explored":false},"15,15,0":{"isTile":true,"tile":{"changeFloorTo":0,"halfWallIn":[0,0,0,0],"curve":[0,0,0,0],"halfWallVic":[],"halfTile":1},"reachable":true,"isLinear":false,"virtualWall":false,"explored":false},"15,17,0":{"isTile":true,"tile":{"changeFloorTo":0,"halfWallIn":[0,0,0,0],"curve":[0,0,0,0],"halfWallVic":[],"halfTile":1},"reachable":true,"isLinear":false,"virtualWall":false,"explored":false},"15,19,0":{"isTile":true,"tile":{"changeFloorTo":0,"halfWallIn":[0,0,0,0],"curve":[0,0,0,0],"halfWallVic":[],"halfTile":1},"reachable":true,"isLinear":false,"virtualWall":false,"explored":false},"15,21,0":{"isTile":true,"tile":{"changeFloorTo":0,"halfWallIn":[0,0,0,0],"curve":[0,0,0,0],"halfWallVic":[],"halfTile":1},"reachable":true,"isLinear":false,"virtualWall":false,"explored":false},"17,21,0":{"isTile":true,"tile":{"changeFloorTo":0,"halfWallIn":[0,0,0,0],"curve":[0,0,0,0],"halfWallVic":[],"victims":{"bottom":"S"},"halfTile":1},"reachable":true,"isLinear":false,"virtualWall":false,"explored":false},"17,19,0":{"isTile":true,"tile":{"changeFloorTo":0,"halfWallIn":[0,0,0,0],"curve":[0,0,0,0],"halfWallVic":[],"halfTile":1},"reachable":true,"isLinear":false,"virtualWall":false,"explored":false},"17,17,0":{"isTile":true,"tile":{"changeFloorTo":0,"halfWallIn":[0,0,0,0],"curve":[0,0,0,0],"halfWallVic":[],"halfTile":1},"reachable":true,"isLinear":false,"virtualWall":false,"explored":false},"17,15,0":{"isTile":true,"tile":{"changeFloorTo":0,"halfWallIn":[0,0,0,0],"curve":[0,0,0,0],"halfWallVic":[],"halfTile":1},"reachable":true,"isLinear":true,"virtualWall":false,"explored":false},"17,13,0":{"isTile":true,"tile":{"changeFloorTo":0,"halfWallIn":[0,0,0,0],"curve":[3,0,0,3],"halfWallVic":[],"halfTile":1},"reachable":true,"isLinear":true,"virtualWall":false,"explored":false},"17,11,0":{"isTile":true,"tile":{"changeFloorTo":0,"halfWallIn":[0,0,0,0],"curve":[0,2,2,0],"halfWallVic":[null,null,null,null,null,null,"1"],"halfTile":1},"reachable":true,"isLinear":true,"virtualWall":false,"explored":false},"17,9,0":{"isTile":true,"tile":{"changeFloorTo":0,"halfWallIn":[0,0,0,0],"curve":[1,0,0,1],"halfWallVic":[],"halfTile":1},"reachable":true,"isLinear":true,"virtualWall":false,"explored":false},"17,7,0":{"isTile":true,"tile":{"changeFloorTo":0,"halfWallIn":[0,0,0,0],"curve":[0,0,0,0],"halfWallVic":[],"halfTile":1},"reachable":true,"isLinear":true,"virtualWall":false,"explored":false},"19,7,0":{"isTile":true,"tile":{"changeFloorTo":0,"halfWallIn":[0,0,0,0],"curve":[0,0,0,0],"halfWallVic":[],"halfTile":1},"reachable":true,"isLinear":true,"virtualWall":false,"explored":false},"19,9,0":{"isTile":true,"tile":{"changeFloorTo":0,"halfWallIn":[0,0,0,0],"curve":[0,0,0,0],"halfWallVic":[],"halfTile":1,"black":true},"reachable":true,"isLinear":true,"virtualWall":false,"explored":false},"19,11,0":{"isTile":true,"tile":{"changeFloorTo":0,"halfWallIn":[0,0,0,0],"curve":[0,0,0,0],"halfWallVic":[],"halfTile":1},"reachable":true,"isLinear":true,"virtualWall":false,"explored":false},"19,13,0":{"isTile":true,"tile":{"changeFloorTo":0,"halfWallIn":[0,0,0,0],"curve":[0,0,0,0],"halfWallVic":[],"halfTile":1,"victims":{"bottom":"S"}},"reachable":true,"isLinear":true,"virtualWall":false,"explored":false},"19,15,0":{"isTile":true,"tile":{"changeFloorTo":0,"halfWallIn":[0,0,0,0],"curve":[0,0,0,0],"halfWallVic":[],"halfTile":1},"reachable":true,"isLinear":true,"virtualWall":false,"explored":false},"21,15,0":{"isTile":true,"tile":{"changeFloorTo":0,"halfWallIn":[0,0,0,0],"curve":[0,0,0,0],"halfWallVic":[],"halfTile":1},"reachable":true,"isLinear":true,"virtualWall":false,"explored":false},"21,13,0":{"isTile":true,"tile":{"changeFloorTo":0,"halfWallIn":[0,0,0,0],"curve":[0,0,0,0],"halfWallVic":[],"halfTile":1,"victims":{"left":"C"}},"reachable":true,"isLinear":true,"virtualWall":false,"explored":false},"21,11,0":{"isTile":true,"tile":{"changeFloorTo":0,"halfWallIn":[0,0,0,0],"curve":[0,0,0,0],"halfWallVic":[],"halfTile":1},"reachable":true,"isLinear":true,"virtualWall":false,"explored":false},"21,9,0":{"isTile":true,"tile":{"changeFloorTo":0,"halfWallIn":[0,0,0,0],"curve":[0,0,0,0],"halfWallVic":[],"halfTile":1},"reachable":true,"isLinear":true,"virtualWall":false,"explored":false},"3,9,0":{"isTile":true,"tile":{"changeFloorTo":0,"halfWallIn":[0,0,0,0],"curve":[0,0,0,0],"halfWallVic":[],"victims":{"right":"O"}},"reachable":true,"isLinear":true,"virtualWall":false,"explored":false},"3,11,0":{"isTile":true,"tile":{"changeFloorTo":0,"halfWallIn":[0,0,0,0],"curve":[0,0,0,0],"halfWallVic":[],"swamp":true},"reachable":true,"isLinear":true,"virtualWall":false,"explored":false},"12,17,0":{"isWall":true,"halfWall":0,"isLinear":false,"virtualWall":false,"reachable":false,"explored":false},"12,19,0":{"isWall":true,"halfWall":0,"isLinear":false,"virtualWall":false,"reachable":false,"explored":false},"12,21,0":{"isWall":true,"halfWall":0,"isLinear":false,"virtualWall":false,"reachable":false,"explored":false},"13,16,0":{"isWall":true,"halfWall":0,"isLinear":false,"virtualWall":false,"reachable":false,"explored":false},"15,16,0":{"isWall":true,"halfWall":0,"isLinear":false,"virtualWall":false,"reachable":false,"explored":false},"17,16,0":{"isWall":true,"halfWall":0,"isLinear":false,"virtualWall":false,"reachable":false,"explored":false},"7,14,0":{"isWall":true,"halfWall":0,"isLinear":false,"virtualWall":false,"reachable":false,"explored":false},"9,14,0":{"isWall":true,"halfWall":0,"isLinear":false,"virtualWall":false,"reachable":false,"explored":false},"11,14,0":{"isWall":true,"halfWall":0,"isLinear":false,"virtualWall":false,"reachable":false,"explored":false},"12,15,0":{"isWall":true,"halfWall":0,"isLinear":false,"virtualWall":false,"reachable":false,"explored":false},"20,17,0":{"isWall":true,"halfWall":0,"isLinear":true,"virtualWall":false,"reachable":false,"explored":false},"18,17,0":{"isWall":true,"halfWall":0,"isLinear":false,"virtualWall":false,"reachable":false,"explored":false},"15,4,0":{"isWall":true,"halfWall":0,"isLinear":true,"virtualWall":false,"reachable":false,"explored":false},"13,4,0":{"isWall":false,"halfWall":0,"isLinear":false,"virtualWall":false,"reachable":false,"explored":false},"12,5,0":{"isWall":true,"halfWall":0,"isLinear":false,"virtualWall":false,"reachable":false,"explored":false},"11,6,0":{"isWall":true,"halfWall":0,"isLinear":false,"virtualWall":false,"reachable":false,"explored":false},"10,7,0":{"isWall":true,"halfWall":0,"isLinear":false,"virtualWall":false,"reachable":false,"explored":false},"10,9,0":{"isWall":true,"halfWall":0,"isLinear":false,"virtualWall":false,"reachable":false,"explored":false},"11,10,0":{"isWall":true,"halfWall":0,"isLinear":false,"virtualWall":false,"reachable":false,"explored":false},"12,11,0":{"isWall":true,"halfWall":0,"isLinear":false,"virtualWall":false,"reachable":false,"explored":false},"12,13,0":{"isWall":true,"halfWall":0,"isLinear":false,"virtualWall":false,"reachable":false,"explored":false},"5,14,0":{"isWall":true,"halfWall":0,"isLinear":false,"virtualWall":false,"reachable":false,"explored":false},"15,20,0":{"isWall":true,"halfWall":0,"isLinear":false,"virtualWall":false,"reachable":false,"explored":false},"16,21,0":{"isWall":true,"halfWall":0,"isLinear":false,"virtualWall":false,"reachable":false,"explored":false},"17,22,0":{"isWall":true,"halfWall":0,"isLinear":false,"virtualWall":false,"reachable":false,"explored":false},"18,21,0":{"isWall":true,"halfWall":0,"isLinear":false,"virtualWall":false,"reachable":false,"explored":false},"9,2,0":{"virtualWall":true,"isLinear":false,"reachable":false,"explored":false,"isWall":true},"10,3,0":{"virtualWall":true,"isLinear":false,"reachable":false,"explored":false,"isWall":true},"8,3,0":{"virtualWall":true,"isLinear":false,"reachable":false,"explored":false},"9,4,0":{"virtualWall":true,"isLinear":false,"reachable":false,"explored":false},"8,17,0":{"isWall":true,"halfWall":0,"isLinear":false,"virtualWall":false,"reachable":false,"explored":false},"9,18,0":{"isWall":true,"halfWall":0,"isLinear":false,"virtualWall":false,"reachable":false,"explored":false},"17,12,0":{"isWall":true,"halfWall":0,"isLinear":true,"virtualWall":false,"reachable":false,"explored":false},"15,12,0":{"isWall":true,"halfWall":0,"isLinear":true,"virtualWall":false,"reachable":false,"explored":false},"7,8,0":{"isWall":true,"halfWall":0,"isLinear":false,"virtualWall":false,"reachable":false,"explored":false},"6,9,0":{"isWall":true,"halfWall":0,"isLinear":false,"virtualWall":false,"reachable":false,"explored":false},"7,10,0":{"isWall":true,"halfWall":0,"isLinear":false,"virtualWall":false,"reachable":false,"explored":false},"8,11,0":{"isWall":true,"halfWall":0,"isLinear":false,"virtualWall":false,"reachable":false,"explored":false},"8,7,0":{"isWall":true,"halfWall":0,"isLinear":false,"virtualWall":false,"reachable":false,"explored":false},"7,6,0":{"isWall":true,"halfWall":0,"isLinear":false,"virtualWall":false,"reachable":false,"explored":false},"6,5,0":{"isWall":true,"halfWall":0,"isLinear":false,"virtualWall":false,"reachable":false,"explored":false},"8,19,0":{"isWall":true,"halfWall":0,"isLinear":false,"virtualWall":false,"reachable":false,"explored":false},"9,20,0":{"isWall":true,"halfWall":0,"isLinear":false,"virtualWall":false,"reachable":false,"explored":false},"10,21,0":{"isWall":true,"halfWall":0,"isLinear":false,"virtualWall":false,"reachable":false,"explored":false},"19,14,0":{"isWall":true,"halfWall":0,"isLinear":true,"virtualWall":false,"reachable":false,"explored":false},"20,13,0":{"isWall":true,"halfWall":0,"isLinear":true,"virtualWall":false,"reachable":false,"explored":false},"21,12,0":{"isWall":true,"halfWall":0,"isLinear":true,"virtualWall":false,"reachable":false,"explored":false},"15,8,0":{"isWall":true,"halfWall":0,"isLinear":true,"virtualWall":false,"reachable":false,"explored":false},"19,8,0":{"virtualWall":true,"isLinear":true,"reachable":false,"explored":false},"20,9,0":{"virtualWall":true,"isLinear":true,"reachable":false,"explored":false},"18,9,0":{"virtualWall":true,"isLinear":true,"reachable":false,"explored":false},"19,10,0":{"virtualWall":true,"isLinear":true,"reachable":false,"explored":false},"1,8,0":{"isWall":true,"halfWall":0,"isLinear":true,"virtualWall":false,"reachable":false,"explored":false},"3,8,0":{"isWall":true,"halfWall":0,"isLinear":true,"virtualWall":false,"reachable":false,"explored":false},"4,9,0":{"isWall":true,"halfWall":0,"isLinear":true,"virtualWall":false,"reachable":false,"explored":false},"3,10,0":{"isWall":true,"halfWall":0,"isLinear":true,"virtualWall":false,"reachable":false,"explored":false},"1,2,0":{"isWall":true,"halfWall":0,"isLinear":true,"virtualWall":false,"reachable":false,"explored":false},"3,2,0":{"isWall":true,"halfWall":0,"isLinear":true,"virtualWall":false,"reachable":false,"explored":false},"5,2,0":{"isWall":true,"halfWall":0,"isLinear":true,"virtualWall":false,"reachable":false,"explored":false},"14,1,0":{"isWall":true,"halfWall":0,"isLinear":true,"virtualWall":false,"reachable":false,"explored":false},"14,5,0":{"isWall":true,"halfWall":0,"isLinear":true,"virtualWall":false,"reachable":false,"explored":false},"3,12,0":{"isWall":true,"halfWall":0,"isLinear":false,"virtualWall":false,"reachable":false,"explored":false},"10,11,0":{"isWall":true,"halfWall":0,"isLinear":false,"virtualWall":false,"reachable":false,"explored":false},"7,16,0":{"isWall":true,"halfWall":0,"isLinear":false,"virtualWall":false,"reachable":false,"explored":false},"11,16,0":{"isWall":true,"halfWall":0,"isLinear":false,"virtualWall":false,"reachable":false,"explored":false},"7,18,0":{"isWall":true,"halfWall":0,"isLinear":false,"virtualWall":false,"reachable":false,"explored":false},"3,22,0":{"isWall":true,"halfWall":0,"isLinear":true,"virtualWall":false,"reachable":false,"explored":false},"1,22,0":{"isWall":true,"halfWall":0,"isLinear":true,"virtualWall":true,"reachable":false,"explored":false},"9,22,0":{"isWall":true,"halfWall":0,"isLinear":false,"virtualWall":false,"reachable":false,"explored":false},"7,22,0":{"isWall":true,"halfWall":0,"isLinear":false,"virtualWall":false,"reachable":false,"explored":false},"11,22,0":{"isWall":true,"halfWall":0,"isLinear":false,"virtualWall":false,"reachable":false,"explored":false},"21,22,0":{"isWall":true,"halfWall":0,"isLinear":true,"virtualWall":false,"reachable":false,"explored":false},"22,21,0":{"isWall":true,"halfWall":0,"isLinear":true,"virtualWall":false,"reachable":false,"explored":false},"13,18,0":{"isWall":true,"halfWall":0,"isLinear":false,"virtualWall":false,"reachable":false,"explored":false},"15,18,0":{"isWall":true,"halfWall":0,"isLinear":false,"virtualWall":false,"reachable":false,"explored":false},"13,20,0":{"isWall":true,"halfWall":0,"isLinear":false,"virtualWall":false,"reachable":false,"explored":false},"21,14,0":{"isWall":true,"halfWall":0,"isLinear":true,"virtualWall":false,"reachable":false,"explored":false},"23,12,0":{"isWall":true,"halfWall":0,"isLinear":true,"virtualWall":false,"reachable":false,"explored":false},"22,15,0":{"isWall":true,"halfWall":0,"isLinear":true,"virtualWall":false,"reachable":false,"explored":false},"11,8,0":{"isWall":true,"halfWall":0,"isLinear":false,"virtualWall":false,"reachable":false,"explored":false},"21,6,0":{"isWall":false,"halfWall":0,"isLinear":false,"virtualWall":false,"reachable":false,"explored":false},"20,5,0":{"isWall":false,"halfWall":0,"isLinear":false,"virtualWall":false,"reachable":false,"explored":false},"18,5,0":{"isWall":true,"halfWall":0,"isLinear":true,"virtualWall":false,"reachable":false,"explored":false},"16,5,0":{"isWall":true,"halfWall":0,"isLinear":true,"virtualWall":false,"reachable":false,"explored":false},"23,8,0":{"isWall":true,"halfWall":0,"isLinear":true,"virtualWall":false,"reachable":false,"explored":false},"23,10,0":{"isWall":true,"halfWall":0,"isLinear":true,"virtualWall":false,"reachable":false,"explored":false},"19,1,0":{"isTile":true,"tile":{"changeFloorTo":0,"halfTile":0,"curve":[0,0,0,0],"halfWallIn":[0,0,0,0],"halfWallVic":[]},"isLinear":false,"virtualWall":false,"reachable":false,"explored":false},"21,1,0":{"isTile":true,"tile":{"changeFloorTo":0,"halfTile":0,"curve":[0,0,0,0],"halfWallIn":[0,0,0,0],"halfWallVic":[]},"isLinear":false,"virtualWall":false,"reachable":false,"explored":false},"23,1,0":{"isTile":true,"tile":{"changeFloorTo":0,"halfTile":0,"curve":[0,0,0,0],"halfWallIn":[0,0,0,0],"halfWallVic":[]},"isLinear":false,"virtualWall":false,"reachable":false,"explored":false},"9,6,0":{"isWall":true,"halfWall":0,"isLinear":false,"virtualWall":false,"reachable":false,"explored":false},"2,23,0":{"virtualWall":true,"isLinear":true,"reachable":false,"explored":false}},"roomTiles":[["13,17,0","15,17,0","17,17,0","17,19,0","15,19,0","13,19,0","13,21,0","15,21,0","13,23,0","15,23,0","17,23,0","17,21,0","19,23,0","19,21,0","21,21,0","21,23,0","19,19,0","23,23,0"],["13,15,0","15,15,0","17,15,0","19,15,0","21,15,0","23,15,0","23,17,0","21,17,0","23,13,0","21,13,0","23,11,0","21,11,0","19,11,0","19,13,0","17,13,0","17,11,0","15,11,0","15,13,0","13,13,0","13,11,0","13,9,0","11,9,0","11,7,0","13,7,0","15,7,0","15,9,0","17,9,0","17,7,0","19,7,0","19,9,0","21,9,0","21,7,0","23,7,0","21,5,0","19,5,0","17,5,0","15,5,0"],["1,1,0","3,1,0","5,1,0","7,1,0","9,1,0","11,1,0","11,3,0","13,3,0","11,5,0","9,5,0","9,3,0","7,3,0","7,5,0","5,5,0","5,3,0","3,3,0","1,3,0","1,7,0","3,7,0","5,7,0","7,7,0","9,7,0","9,9,0","7,9,0","5,9,0","3,9,0","1,9,0","1,11,0","3,11,0","5,11,0","7,11,0","9,11,0","11,11,0","11,13,0","9,13,0","7,13,0","5,13,0","3,13,0","1,13,0","13,1,0","15,1,0","15,3,0"]],"time":480,"area4Room":{"value":"None","type":0,"$$hashKey":"object:3"},"room4VicTypes":[]}