{"name":"TESTE_SENSORDISTANCIA2","length":3,"height":1,"width":3,"finished":true,"startTile":{"x":3,"y":3,"z":0},"cells":{"3,3,0":{"isTile":true,"tile":{"changeFloorTo":0,"halfTile":0,"curve":[0,0,0,0],"halfWallIn":[0,0,0,0],"halfWallVic":[]},"isLinear":true,"virtualWall":false,"reachable":true,"explored":false},"3,2,0":{"virtualWall":true,"isLinear":true,"reachable":false,"explored":false},"4,3,0":{"virtualWall":true,"isLinear":true,"reachable":false,"explored":false},"2,3,0":{"virtualWall":true,"isLinear":true,"reachable":false,"explored":false},"3,4,0":{"virtualWall":true,"isLinear":true,"reachable":false,"explored":false},"1,1,0":{"isTile":true,"isLinear":true,"tile":{"changeFloorTo":0,"curve":[0,0,0,0],"halfWallIn":[0,0,0,0],"halfWallVic":[]},"reachable":true,"virtualWall":false,"explored":false},"1,3,0":{"isTile":true,"isLinear":true,"tile":{"changeFloorTo":0,"curve":[0,0,0,0],"halfWallIn":[0,0,0,0],"halfWallVic":[]},"reachable":true,"virtualWall":false,"explored":false},"1,5,0":{"isTile":true,"isLinear":true,"tile":{"changeFloorTo":0,"curve":[0,0,0,0],"halfWallIn":[0,0,0,0],"halfWallVic":[]},"reachable":true,"virtualWall":false,"explored":false},"3,1,0":{"isTile":true,"isLinear":true,"tile":{"changeFloorTo":0,"curve":[0,0,0,0],"halfWallIn":[0,0,0,0],"halfWallVic":[]},"reachable":true,"virtualWall":false,"explored":false},"3,5,0":{"isTile":true,"isLinear":true,"tile":{"changeFloorTo":0,"curve":[0,0,0,0],"halfWallIn":[0,0,0,0],"halfWallVic":[]},"reachable":true,"virtualWall":false,"explored":false},"5,1,0":{"isTile":true,"isLinear":true,"tile":{"changeFloorTo":0,"curve":[0,0,0,0],"halfWallIn":[0,0,0,0],"halfWallVic":[]},"reachable":true,"virtualWall":false,"explored":false},"5,3,0":{"isTile":true,"isLinear":true,"tile":{"changeFloorTo":0,"curve":[0,0,0,0],"halfWallIn":[0,0,0,0],"halfWallVic":[]},"reachable":true,"virtualWall":false,"explored":false},"5,5,0":{"isTile":true,"isLinear":true,"tile":{"changeFloorTo":0,"curve":[0,0,0,0],"halfWallIn":[0,0,0,0],"halfWallVic":[]},"reachable":true,"virtualWall":false,"explored":false},"1,0,0":{"isWall":true,"halfWall":0,"isLinear":false,"virtualWall":false,"reachable":false,"explored":false},"3,0,0":{"isWall":true,"halfWall":0,"isLinear":false,"virtualWall":false,"reachable":false,"explored":false},"5,0,0":{"isWall":true,"halfWall":0,"isLinear":false,"virtualWall":false,"reachable":false,"explored":false},"6,1,0":{"isWall":true,"halfWall":0,"isLinear":false,"virtualWall":false,"reachable":false,"explored":false},"6,3,0":{"isWall":true,"halfWall":0,"isLinear":false,"virtualWall":false,"reachable":false,"explored":false},"6,5,0":{"isWall":true,"halfWall":0,"isLinear":false,"virtualWall":false,"reachable":false,"explored":false},"5,6,0":{"isWall":true,"halfWall":0,"isLinear":false,"virtualWall":false,"reachable":false,"explored":false},"3,6,0":{"isWall":true,"halfWall":0,"isLinear":false,"virtualWall":false,"reachable":false,"explored":false},"1,6,0":{"isWall":true,"halfWall":0,"isLinear":false,"virtualWall":false,"reachable":false,"explored":false},"0,5,0":{"isWall":true,"halfWall":0,"isLinear":false,"virtualWall":false,"reachable":false,"explored":false},"0,3,0":{"isWall":true,"halfWall":0,"isLinear":false,"virtualWall":false,"reachable":false,"explored":false},"0,1,0":{"isWall":true,"halfWall":0,"isLinear":false,"virtualWall":false,"reachable":false,"explored":false},"2,1,0":{"isWall":false,"halfWall":0,"isLinear":false,"virtualWall":false,"reachable":false,"explored":false},"7,1,0":{"isTile":true,"isLinear":false,"tile":{"changeFloorTo":0,"curve":[0,0,0,0],"halfWallIn":[0,0,0,0],"halfWallVic":[]},"virtualWall":false,"reachable":false,"explored":false},"7,3,0":{"isTile":true,"isLinear":false,"tile":{"changeFloorTo":0,"curve":[0,0,0,0],"halfWallIn":[0,0,0,0],"halfWallVic":[]},"virtualWall":false,"reachable":false,"explored":false},"7,5,0":{"isTile":true,"isLinear":false,"tile":{"changeFloorTo":0,"curve":[0,0,0,0],"halfWallIn":[0,0,0,0],"halfWallVic":[]},"virtualWall":false,"reachable":false,"explored":false},"5,7,0":{"isTile":true,"isLinear":false,"tile":{"changeFloorTo":0,"curve":[0,0,0,0],"halfWallIn":[0,0,0,0],"halfWallVic":[]},"virtualWall":false,"reachable":false,"explored":false},"7,7,0":{"isTile":true,"isLinear":false,"tile":{"changeFloorTo":0,"curve":[0,0,0,0],"halfWallIn":[0,0,0,0],"halfWallVic":[]},"virtualWall":false,"reachable":false,"explored":false},"3,7,0":{"isTile":true,"isLinear":false,"tile":{"changeFloorTo":0,"curve":[0,0,0,0],"halfWallIn":[0,0,0,0],"halfWallVic":[]},"virtualWall":false,"reachable":false,"explored":false},"1,7,0":{"isTile":true,"isLinear":false,"tile":{"changeFloorTo":0,"curve":[0,0,0,0],"halfWallIn":[0,0,0,0],"halfWallVic":[]},"virtualWall":false,"reachable":false,"explored":false}},"roomTiles":[[],[],[]],"time":480,"area4Room":{"value":"None","type":0,"$$hashKey":"object:3"},"room4VicTypes":[]}